"STATION","NAME","LATITUDE","LONGITUDE","ELEVATION","DATE","DP01","DP10","DT32","DX32","DX90","PRCP","TAVG","TMAX","TMIN"
"IT000016239","ROMA CIAMPINO, IT","41.7831","12.5831","105.0","1951-01","12","7","0","0","0","87.1","9.7","13.6","5.8"
"IT000016239","ROMA CIAMPINO, IT","41.7831","12.5831","105.0","1951-02","15","3","0","0","0","27.4","10.5","14.2","6.7"
"IT000016239","ROMA CIAMPINO, IT","41.7831","12.5831","105.0","1951-03","12","5","4","0","0","43.5","10.6","15.4","5.9"
"IT000016239","ROMA CIAMPINO, IT","41.7831","12.5831","105.0","1951-04","7","3","0","0","0","27.1","13.6","18.9","8.2"
"IT000016239","ROMA CIAMPINO, IT","41.7831","12.5831","105.0","1951-05","9","5","0","0","0","40.7","16.6","21.6","11.6"
"IT000016239","ROMA CIAMPINO, IT","41.7831","12.5831","105.0","1951-06","2","1","0","0","2","8.7","21.1","27.0","15.2"
"IT000016239","ROMA CIAMPINO, IT","41.7831","12.5831","105.0","1951-07","1","0","0","0","5","1.0","23.6","29.8","17.4"
"IT000016239","ROMA CIAMPINO, IT","41.7831","12.5831","105.0","1951-08","2","2","0","0","9","15.9","24.5","31.1","17.9"
"IT000016239","ROMA CIAMPINO, IT","41.7831","12.5831","105.0","1951-09","11","6","0","0","0","212.4","22.1","27.8","16.4"
"IT000016239","ROMA CIAMPINO, IT","41.7831","12.5831","105.0","1951-10","8","7","0","0","0","69.4","15.3","20.8","9.9"
"IT000016239","ROMA CIAMPINO, IT","41.7831","12.5831","105.0","1951-11","11","8","0","0","0","64.9","13.5","17.8","9.1"
"IT000016239","ROMA CIAMPINO, IT","41.7831","12.5831","105.0","1951-12","11","7","2","0","0","64.7","8.5","13.5","3.4"
"IT000016239","ROMA CIAMPINO, IT","41.7831","12.5831","105.0","1952-01","13","5","9","0","0","56.4","7.0","11.5","2.4"
"IT000016239","ROMA CIAMPINO, IT","41.7831","12.5831","105.0","1952-02","10","5","5","0","0","32.9","7.3","12.1","2.5"
"IT000016239","ROMA CIAMPINO, IT","41.7831","12.5831","105.0","1952-03","4","1","2","0","0","7.8","10.7","15.9","5.5"
"IT000016239","ROMA CIAMPINO, IT","41.7831","12.5831","105.0","1952-04","5","0","0","0","0","6.1","15.4","20.5","10.2"
"IT000016239","ROMA CIAMPINO, IT","41.7831","12.5831","105.0","1952-05","3","3","0","0","0","31.7","17.9","23.5","12.3"
"IT000016239","ROMA CIAMPINO, IT","41.7831","12.5831","105.0","1952-06","2","2","0","0","5","27.4","23.3","29.2","17.4"
"IT000016239","ROMA CIAMPINO, IT","41.7831","12.5831","105.0","1952-07","2","2","0","0","16","51.5","26.2","32.2","20.3"
"IT000016239","ROMA CIAMPINO, IT","41.7831","12.5831","105.0","1952-08","1","1","0","0","14","7.1","25.6","31.5","19.7"
"IT000016239","ROMA CIAMPINO, IT","41.7831","12.5831","105.0","1952-09","11","5","0","0","0","62.6","20.9","25.4","16.4"
"IT000016239","ROMA CIAMPINO, IT","41.7831","12.5831","105.0","1952-10","8","4","0","0","0","30.8","17.0","21.3","12.7"
"IT000016239","ROMA CIAMPINO, IT","41.7831","12.5831","105.0","1952-11","4","3","0","0","0","17.9","10.9","15.2","6.5"
"IT000016239","ROMA CIAMPINO, IT","41.7831","12.5831","105.0","1952-12","15","6","0","0","0","38.6","9.5","13.1","5.9"
"IT000016239","ROMA CIAMPINO, IT","41.7831","12.5831","105.0","1953-01","8","6","14","0","0","58.1","5.7","10.2","1.3"
"IT000016239","ROMA CIAMPINO, IT","41.7831","12.5831","105.0","1953-02","11","5","6","0","0","46.2","7.2","12.2","2.1"
"IT000016239","ROMA CIAMPINO, IT","41.7831","12.5831","105.0","1953-03","1","0","1","0","0","0.7","9.9","15.9","3.8"
"IT000016239","ROMA CIAMPINO, IT","41.7831","12.5831","105.0","1953-04","9","6","0","0","0","37.1","14.4","19.4","9.4"
"IT000016239","ROMA CIAMPINO, IT","41.7831","12.5831","105.0","1953-05","11","5","0","0","0","65.8","18.3","23.6","13.0"
"IT000016239","ROMA CIAMPINO, IT","41.7831","12.5831","105.0","1953-06","9","5","0","0","0","52.4","20.3","25.1","15.4"
"IT000016239","ROMA CIAMPINO, IT","41.7831","12.5831","105.0","1953-07","3","1","0","0","9","12.6","24.4","30.3","18.6"
"IT000016239","ROMA CIAMPINO, IT","41.7831","12.5831","105.0","1953-08","2","2","0","0","3","45.8","23.8","29.5","18.2"
"IT000016239","ROMA CIAMPINO, IT","41.7831","12.5831","105.0","1953-09","6","4","0","0","3","50.0","22.7","28.3","17.0"
"IT000016239","ROMA CIAMPINO, IT","41.7831","12.5831","105.0","1953-10","19","8","0","0","0","97.9","18.1","23.4","12.7"
"IT000016239","ROMA CIAMPINO, IT","41.7831","12.5831","105.0","1953-11","4","4","0","0","0","23.5","11.9","17.4","6.4"
"IT000016239","ROMA CIAMPINO, IT","41.7831","12.5831","105.0","1953-12","7","5","0","0","0","49.4","10.6","15.2","5.9"
"IT000016239","ROMA CIAMPINO, IT","41.7831","12.5831","105.0","1954-01","12","7","9","0","0","60.1","6.1","10.8","1.5"
"IT000016239","ROMA CIAMPINO, IT","41.7831","12.5831","105.0","1954-02","18","9","4","0","0","104.0","7.5","11.0","4.0"
"IT000016239","ROMA CIAMPINO, IT","41.7831","12.5831","105.0","1954-03","9","4","0","0","0","23.6","12.5","17.5","7.4"
"IT000016239","ROMA CIAMPINO, IT","41.7831","12.5831","105.0","1954-04","8","3","0","0","0","69.9","13.4","18.7","8.2"
"IT000016239","ROMA CIAMPINO, IT","41.7831","12.5831","105.0","1954-05","16","5","0","0","0","37.0","16.8","21.4","12.2"
"IT000016239","ROMA CIAMPINO, IT","41.7831","12.5831","105.0","1954-06","3","2","0","0","2","25.2","22.4","28.0","16.8"
"IT000016239","ROMA CIAMPINO, IT","41.7831","12.5831","105.0","1954-07","2","2","0","0","4","11.4","22.7","28.4","17.0"
"IT000016239","ROMA CIAMPINO, IT","41.7831","12.5831","105.0","1954-08","4","1","0","0","4","15.2","22.7","29.0","16.5"
"IT000016239","ROMA CIAMPINO, IT","41.7831","12.5831","105.0","1954-09","1","1","0","0","1","3.4","22.0","28.0","16.1"
"IT000016239","ROMA CIAMPINO, IT","41.7831","12.5831","105.0","1954-10","7","1","0","0","0","16.7","16.4","22.3","10.5"
"IT000016239","ROMA CIAMPINO, IT","41.7831","12.5831","105.0","1954-11","8","6","1","0","0","49.9","12.3","16.8","7.8"
"IT000016239","ROMA CIAMPINO, IT","41.7831","12.5831","105.0","1954-12","5","2","3","0","0","16.9","9.2","13.8","4.7"
"IT000016239","ROMA CIAMPINO, IT","41.7831","12.5831","105.0","1955-01","9","3","2","0","0","26.7","10.8","14.5","7.1"
"IT000016239","ROMA CIAMPINO, IT","41.7831","12.5831","105.0","1955-02","14","8","1","0","0","54.3","10.4","14.2","6.6"
"IT000016239","ROMA CIAMPINO, IT","41.7831","12.5831","105.0","1955-03","12","8","2","0","0","117.3","10.6","15.3","5.8"
"IT000016239","ROMA CIAMPINO, IT","41.7831","12.5831","105.0","1955-04","5","2","0","0","0","15.3","13.6","20.2","7.1"
"IT000016239","ROMA CIAMPINO, IT","41.7831","12.5831","105.0","1955-05","2","1","0","0","0","4.4","18.3","24.2","12.4"
"IT000016239","ROMA CIAMPINO, IT","41.7831","12.5831","105.0","1955-06","2","1","0","0","2","37.8","22.0","28.0","16.0"
"IT000016239","ROMA CIAMPINO, IT","41.7831","12.5831","105.0","1955-07","2","1","0","0","7","32.7","24.8","30.6","19.0"
"IT000016239","ROMA CIAMPINO, IT","41.7831","12.5831","105.0","1955-08","3","2","0","0","0","37.5","23.4","29.7","17.1"
"IT000016239","ROMA CIAMPINO, IT","41.7831","12.5831","105.0","1955-09","8","8","0","0","0","66.8","20.5","26.2","14.7"
"IT000016239","ROMA CIAMPINO, IT","41.7831","12.5831","105.0","1955-10","11","7","0","0","0","56.7","16.1","21.4","10.8"
"IT000016239","ROMA CIAMPINO, IT","41.7831","12.5831","105.0","1955-11","11","8","4","0","0","91.3","11.6","16.4","6.9"
"IT000016239","ROMA CIAMPINO, IT","41.7831","12.5831","105.0","1955-12","10","6","0","0","0","67.3","11.1","15.1","7.1"
"IT000016239","ROMA CIAMPINO, IT","41.7831","12.5831","105.0","1956-01","10","5","7","0","0","37.9","9.2","13.7","4.8"
"IT000016239","ROMA CIAMPINO, IT","41.7831","12.5831","105.0","1956-02","14","9","20","0","0","65.0","3.5","8.2","-1.1"
"IT000016239","ROMA CIAMPINO, IT","41.7831","12.5831","105.0","1956-03","9","5","7","0","0","55.5","9.5","14.1","4.9"
"IT000016239","ROMA CIAMPINO, IT","41.7831","12.5831","105.0","1956-04","15","7","1","0","0","109.6","13.1","18.1","8.0"
"IT000016239","ROMA CIAMPINO, IT","41.7831","12.5831","105.0","1956-05","9","4","0","0","0","24.3","17.7","24.2","11.2"
"IT000016239","ROMA CIAMPINO, IT","41.7831","12.5831","105.0","1956-06","4","2","0","0","1","65.1","19.8","25.8","13.9"
"IT000016239","ROMA CIAMPINO, IT","41.7831","12.5831","105.0","1956-07","1","1","0","0","12","3.2","24.4","31.0","17.7"
"IT000016239","ROMA CIAMPINO, IT","41.7831","12.5831","105.0","1956-08","0","0","0","0","15","0.1","25.4","32.3","18.5"
"IT000016239","ROMA CIAMPINO, IT","41.7831","12.5831","105.0","1956-09","4","4","0","0","6","22.6","22.4","28.9","15.9"
"IT000016239","ROMA CIAMPINO, IT","41.7831","12.5831","105.0","1956-10","8","6","0","0","0","50.0","15.4","21.3","9.6"
"IT000016239","ROMA CIAMPINO, IT","41.7831","12.5831","105.0","1956-11","18","11","0","0","0","241.3","11.1","15.0","7.1"
"IT000016239","ROMA CIAMPINO, IT","41.7831","12.5831","105.0","1956-12","7","3","7","0","0","59.6","7.7","12.4","3.1"
"IT000016239","ROMA CIAMPINO, IT","41.7831","12.5831","105.0","1957-01","11","9","7","0","0","87.7","7.4","11.9","2.9"
"IT000016239","ROMA CIAMPINO, IT","41.7831","12.5831","105.0","1957-02","10","5","0","0","0","42.8","10.5","14.8","6.3"
"IT000016239","ROMA CIAMPINO, IT","41.7831","12.5831","105.0","1957-03","5","2","2","0","0","30.0","11.5","17.1","5.9"
"IT000016239","ROMA CIAMPINO, IT","41.7831","12.5831","105.0","1957-04","13","6","0","0","0","56.2","13.9","18.9","9.0"
"IT000016239","ROMA CIAMPINO, IT","41.7831","12.5831","105.0","1957-05","13","6","0","0","0","89.5","16.4","21.6","11.2"
"IT000016239","ROMA CIAMPINO, IT","41.7831","12.5831","105.0","1957-06","3","3","0","0","7","25.7","22.9","29.1","16.6"
"IT000016239","ROMA CIAMPINO, IT","41.7831","12.5831","105.0","1957-07","6","2","0","0","10","21.9","24.0","30.2","17.9"
"IT000016239","ROMA CIAMPINO, IT","41.7831","12.5831","105.0","1957-08","3","1","0","0","7","21.0","24.0","30.1","18.0"
"IT000016239","ROMA CIAMPINO, IT","41.7831","12.5831","105.0","1957-09","5","2","0","0","0","33.1","20.8","26.4","15.1"
"IT000016239","ROMA CIAMPINO, IT","41.7831","12.5831","105.0","1957-10","11","5","0","0","0","46.0","18.3","23.7","12.9"
"IT000016239","ROMA CIAMPINO, IT","41.7831","12.5831","105.0","1957-11","8","5","0","0","0","91.5","13.1","17.8","8.4"
"IT000016239","ROMA CIAMPINO, IT","41.7831","12.5831","105.0","1957-12","9","5","7","0","0","88.8","9.0","13.3","4.6"
"IT000016239","ROMA CIAMPINO, IT","41.7831","12.5831","105.0","1958-01","13","7","9","0","0","87.5","7.9","12.4","3.3"
"IT000016239","ROMA CIAMPINO, IT","41.7831","12.5831","105.0","1958-02","6","3","1","0","0","25.2","10.3","14.2","6.3"
"IT000016239","ROMA CIAMPINO, IT","41.7831","12.5831","105.0","1958-03","16","10","5","0","0","90.9","9.3","14.1","4.6"
"IT000016239","ROMA CIAMPINO, IT","41.7831","12.5831","105.0","1958-04","17","12","0","0","0","125.9","11.7","16.4","7.1"
"IT000016239","ROMA CIAMPINO, IT","41.7831","12.5831","105.0","1958-05","2","1","0","0","2","48.1","19.3","25.7","12.8"
"IT000016239","ROMA CIAMPINO, IT","41.7831","12.5831","105.0","1958-06","6","4","0","0","0","43.8","21.1","27.4","15.0"
"IT000016239","ROMA CIAMPINO, IT","41.7831","12.5831","105.0","1958-07","3","2","0","0","7","54.8","23.9","30.0","17.8"
"IT000016239","ROMA CIAMPINO, IT","41.7831","12.5831","105.0","1958-08","1","1","0","0","13","10.2","25.2","31.6","18.8"
"IT000016239","ROMA CIAMPINO, IT","41.7831","12.5831","105.0","1958-09","3","2","0","0","0","26.7","21.9","28.3","15.5"
"IT000016239","ROMA CIAMPINO, IT","41.7831","12.5831","105.0","1958-10","7","5","0","0","0","89.3","17.5","23.3","11.7"
"IT000016239","ROMA CIAMPINO, IT","41.7831","12.5831","105.0","1958-11","13","9","0","0","0","187.9","13.6","17.6","9.5"
"IT000016239","ROMA CIAMPINO, IT","41.7831","12.5831","105.0","1958-12","12","8","1","0","0","86.1","10.3","14.5","6.1"
"IT000016239","ROMA CIAMPINO, IT","41.7831","12.5831","105.0","1959-01","12","5","5","0","0","42.2","7.5","12.0","3.0"
"IT000016239","ROMA CIAMPINO, IT","41.7831","12.5831","105.0","1959-02","3","1","2","0","0","6.2","10.2","15.7","4.7"
"IT000016239","ROMA CIAMPINO, IT","41.7831","12.5831","105.0","1959-03","9","5","0","0","0","39.9","13.3","18.0","8.6"
"IT000016239","ROMA CIAMPINO, IT","41.7831","12.5831","105.0","1959-04","9","6","0","0","0","58.6","13.6","18.6","8.6"
"IT000016239","ROMA CIAMPINO, IT","41.7831","12.5831","105.0","1959-05","14","9","0","0","0","58.1","17.2","22.3","12.1"
"IT000016239","ROMA CIAMPINO, IT","41.7831","12.5831","105.0","1959-06","4","3","0","0","1","16.7","21.6","27.6","15.5"
"IT000016239","ROMA CIAMPINO, IT","41.7831","12.5831","105.0","1959-07","2","1","0","0","13","4.1","25.4","31.9","18.8"
"IT000016239","ROMA CIAMPINO, IT","41.7831","12.5831","105.0","1959-08","4","1","0","0","5","9.3","24.3","30.1","18.4"
"IT000016239","ROMA CIAMPINO, IT","41.7831","12.5831","105.0","1959-09","9","7","0","0","0","98.2","20.8","26.2","15.4"
"IT000016239","ROMA CIAMPINO, IT","41.7831","12.5831","105.0","1959-10","7","6","0","0","0","67.2","15.6","21.6","9.6"
"IT000016239","ROMA CIAMPINO, IT","41.7831","12.5831","105.0","1959-11","13","9","0","0","0","90.2","12.5","16.7","8.3"
"IT000016239","ROMA CIAMPINO, IT","41.7831","12.5831","105.0","1959-12","16","12","0","0","0","140.8","10.2","13.9","6.5"
"IT000016239","ROMA CIAMPINO, IT","41.7831","12.5831","105.0","1960-01","8","6","3","0","0","77.4","8.9","12.9","4.8"
"IT000016239","ROMA CIAMPINO, IT","41.7831","12.5831","105.0","1960-02","15","12","2","0","0","76.2","10.1","14.0","6.2"
"IT000016239","ROMA CIAMPINO, IT","41.7831","12.5831","105.0","1960-03","15","13","0","0","0","115.6","11.4","15.9","7.0"
"IT000016239","ROMA CIAMPINO, IT","41.7831","12.5831","105.0","1960-04","13","6","0","0","0","56.8","13.7","19.0","8.4"
"IT000016239","ROMA CIAMPINO, IT","41.7831","12.5831","105.0","1960-05","10","7","0","0","0","85.3","18.3","24.0","12.6"
"IT000016239","ROMA CIAMPINO, IT","41.7831","12.5831","105.0","1960-06","6","1","0","0","0","8.8","22.4","28.7","16.2"
"IT000016239","ROMA CIAMPINO, IT","41.7831","12.5831","105.0","1960-07","4","1","0","0","4","6.3","23.4","30.3","16.6"
"IT000016239","ROMA CIAMPINO, IT","41.7831","12.5831","105.0","1960-08","0","0","0","0","9","0.1","23.9","31.2","16.5"
"IT000016239","ROMA CIAMPINO, IT","41.7831","12.5831","105.0","1960-09","10","5","0","0","0","103.1","20.2","26.5","13.9"
"IT000016239","ROMA CIAMPINO, IT","41.7831","12.5831","105.0","1960-10","15","11","0","0","0","132.4","16.9","22.1","11.8"
"IT000016239","ROMA CIAMPINO, IT","41.7831","12.5831","105.0","1960-11","10","7","0","0","0","82.4","13.0","17.8","8.1"
"IT000016239","ROMA CIAMPINO, IT","41.7831","12.5831","105.0","1960-12","15","14","2","0","0","177.8","9.0","13.3","4.6"
"IT000016239","ROMA CIAMPINO, IT","41.7831","12.5831","105.0","1961-01","15","10","5","0","0","93.8","7.9","12.6","3.2"
"IT000016239","ROMA CIAMPINO, IT","41.7831","12.5831","105.0","1961-02","2","1","7","0","0","4.4","8.4","15.4","1.4"
"IT000016239","ROMA CIAMPINO, IT","41.7831","12.5831","105.0","1961-03","5","3","2","0","0","19.1","10.6","17.5","3.7"
"IT000016239","ROMA CIAMPINO, IT","41.7831","12.5831","105.0","1961-04","12","7","0","0","0","58.8","15.2","21.4","9.0"
"IT000016239","ROMA CIAMPINO, IT","41.7831","12.5831","105.0","1961-05","3","3","0","0","0","20.0","16.5","23.1","10.0"
"IT000016239","ROMA CIAMPINO, IT","41.7831","12.5831","105.0","1961-06","7","4","0","0","5","54.0","21.1","27.4","14.9"
"IT000016239","ROMA CIAMPINO, IT","41.7831","12.5831","105.0","1961-07","1","1","0","0","1","6.6","23.1","29.9","16.4"
"IT000016239","ROMA CIAMPINO, IT","41.7831","12.5831","105.0","1961-08","0","0","0","0","11","0.1","24.1","31.6","16.8"
"IT000016239","ROMA CIAMPINO, IT","41.7831","12.5831","105.0","1961-09","2","1","0","0","5","8.1","22.2","30.2","14.3"
"IT000016239","ROMA CIAMPINO, IT","41.7831","12.5831","105.0","1961-10","11","10","0","0","0","222.2","16.6","22.3","10.8"
"IT000016239","ROMA CIAMPINO, IT","41.7831","12.5831","105.0","1961-11","16","11","0","0","0","153.5","12.7","17.1","8.3"
"IT000016239","ROMA CIAMPINO, IT","41.7831","12.5831","105.0","1961-12","9","5","9","0","0","38.0","8.4","12.9","3.9"
"IT000016239","ROMA CIAMPINO, IT","41.7831","12.5831","105.0","1962-01","10","3","5","0","0","40.5","8.5","13.4","3.6"
"IT000016239","ROMA CIAMPINO, IT","41.7831","12.5831","105.0","1962-02","7","2","11","0","0","37.5","7.3","12.9","1.8"
"IT000016239","ROMA CIAMPINO, IT","41.7831","12.5831","105.0","1962-03","16","10","6","0","0","139.5","8.9","13.3","4.4"
"IT000016239","ROMA CIAMPINO, IT","41.7831","12.5831","105.0","1962-04","9","3","0","0","0","29.8","13.3","19.3","7.2"
"IT000016239","ROMA CIAMPINO, IT","41.7831","12.5831","105.0","1962-05","6","4","0","0","0","44.4","16.0","22.2","9.8"
"IT000016239","ROMA CIAMPINO, IT","41.7831","12.5831","105.0","1962-06","4","1","0","0","3","10.3","19.9","26.5","13.4"
"IT000016239","ROMA CIAMPINO, IT","41.7831","12.5831","105.0","1962-07","1","1","0","0","8","30.4","23.6","30.4","16.8"
"IT000016239","ROMA CIAMPINO, IT","41.7831","12.5831","105.0","1962-08","0","0","0","0","17","0.3","25.0","32.3","17.7"
"IT000016239","ROMA CIAMPINO, IT","41.7831","12.5831","105.0","1962-09","5","5","0","0","6","100.0","21.9","28.3","15.6"
"IT000016239","ROMA CIAMPINO, IT","41.7831","12.5831","105.0","1962-10","13","11","0","0","0","93.9","16.8","22.1","11.5"
"IT000016239","ROMA CIAMPINO, IT","41.7831","12.5831","105.0","1962-11","20","16","2","0","0","195.9","11.1","15.4","6.8"
"IT000016239","ROMA CIAMPINO, IT","41.7831","12.5831","105.0","1962-12","13","8","15","0","0","152.7","6.2","11.2","1.3"
"IT000016239","ROMA CIAMPINO, IT","41.7831","12.5831","105.0","1963-01","14","10","13","0","0","144.4","5.6","9.7","1.6"
"IT000016239","ROMA CIAMPINO, IT","41.7831","12.5831","105.0","1963-02","21","11","8","0","0","155.8","6.8","11.1","2.5"
"IT000016239","ROMA CIAMPINO, IT","41.7831","12.5831","105.0","1963-03","9","6","5","0","0","53.4","9.4","15.1","3.7"
"IT000016239","ROMA CIAMPINO, IT","41.7831","12.5831","105.0","1963-04","9","7","0","0","0","68.9","13.5","19.0","8.0"
"IT000016239","ROMA CIAMPINO, IT","41.7831","12.5831","105.0","1963-05","13","4","0","0","0","55.6","16.5","22.6","10.5"
"IT000016239","ROMA CIAMPINO, IT","41.7831","12.5831","105.0","1963-06","6","3","0","0","3","36.0","20.6","26.3","14.9"
"IT000016239","ROMA CIAMPINO, IT","41.7831","12.5831","105.0","1963-07","9","7","0","0","11","71.4","24.7","31.6","17.7"
"IT000016239","ROMA CIAMPINO, IT","41.7831","12.5831","105.0","1963-08","2","2","0","0","8","15.5","23.0","29.9","16.0"
"IT000016239","ROMA CIAMPINO, IT","41.7831","12.5831","105.0","1963-09","7","6","0","0","0","111.5","20.4","26.9","14.0"
"IT000016239","ROMA CIAMPINO, IT","41.7831","12.5831","105.0","1963-10","7","6","0","0","0","78.2","15.4","21.8","8.9"
"IT000016239","ROMA CIAMPINO, IT","41.7831","12.5831","105.0","1963-11","11","6","0","0","0","67.6","14.6","19.2","9.9"
"IT000016239","ROMA CIAMPINO, IT","41.7831","12.5831","105.0","1963-12","16","13","2","0","0","141.8","9.4","14.3","4.5"
"IT000016239","ROMA CIAMPINO, IT","41.7831","12.5831","105.0","1964-01","2","0","22","0","0","3.4","5.8","12.4","-0.8"
"IT000016239","ROMA CIAMPINO, IT","41.7831","12.5831","105.0","1964-02","7","4","12","0","0","25.9","8.1","14.0","2.3"
"IT000016239","ROMA CIAMPINO, IT","41.7831","12.5831","105.0","1964-03","16","9","1","0","0","135.4","11.4","16.8","5.9"
"IT000016239","ROMA CIAMPINO, IT","41.7831","12.5831","105.0","1964-04","9","3","0","0","0","38.3","13.0","19.2","6.8"
"IT000016239","ROMA CIAMPINO, IT","41.7831","12.5831","105.0","1964-05","4","3","0","0","0","39.6","18.0","25.2","10.8"
"IT000016239","ROMA CIAMPINO, IT","41.7831","12.5831","105.0","1964-06","7","6","0","0","5","75.7","22.3","29.5","15.1"
"IT000016239","ROMA CIAMPINO, IT","41.7831","12.5831","105.0","1964-07","4","1","0","0","13","8.2","23.9","31.2","16.6"
"IT000016239","ROMA CIAMPINO, IT","41.7831","12.5831","105.0","1964-08","7","5","0","0","7","66.6","23.6","30.6","16.7"
"IT000016239","ROMA CIAMPINO, IT","41.7831","12.5831","105.0","1964-09","4","1","0","0","0","6.4","20.2","27.9","12.5"
"IT000016239","ROMA CIAMPINO, IT","41.7831","12.5831","105.0","1964-10","18","12","0","0","0","218.1","15.8","21.2","10.3"
"IT000016239","ROMA CIAMPINO, IT","41.7831","12.5831","105.0","1964-11","10","6","0","0","0","79.7","12.8","17.8","7.7"
"IT000016239","ROMA CIAMPINO, IT","41.7831","12.5831","105.0","1964-12","16","15","5","0","0","257.9","8.8","13.8","3.8"
"IT000016239","ROMA CIAMPINO, IT","41.7831","12.5831","105.0","1965-01","11","8","6","0","0","65.2","8.1","13.4","2.8"
"IT000016239","ROMA CIAMPINO, IT","41.7831","12.5831","105.0","1965-02","7","5","20","0","0","62.8","4.7","10.4","-1.0"
"IT000016239","ROMA CIAMPINO, IT","41.7831","12.5831","105.0","1965-03","13","6","5","0","0","51.7","10.6","16.4","4.8"
"IT000016239","ROMA CIAMPINO, IT","41.7831","12.5831","105.0","1965-04","15","5","0","0","0","63.2","11.9","17.5","6.2"
"IT000016239","ROMA CIAMPINO, IT","41.7831","12.5831","105.0","1965-05","7","5","0","0","0","47.0","15.9","22.8","9.1"
"IT000016239","ROMA CIAMPINO, IT","41.7831","12.5831","105.0","1965-06","3","1","0","0","8","6.9","21.1","28.3","14.0"
"IT000016239","ROMA CIAMPINO, IT","41.7831","12.5831","105.0","1965-07","0","0","0","0","15","0.4","24.2","31.9","16.6"
"IT000016239","ROMA CIAMPINO, IT","41.7831","12.5831","105.0","1965-08","6","3","0","0","7","36.7","23.2","30.2","16.2"
"IT000016239","ROMA CIAMPINO, IT","41.7831","12.5831","105.0","1965-09","12","5","0","0","0","163.7","19.5","25.4","13.6"
"IT000016239","ROMA CIAMPINO, IT","41.7831","12.5831","105.0","1965-10","2","1","0","0","0","6.4","16.2","23.0","9.5"
"IT000016239","ROMA CIAMPINO, IT","41.7831","12.5831","105.0","1965-11","16","12","2","0","0","82.6","13.5","18.0","9.0"
"IT000016239","ROMA CIAMPINO, IT","41.7831","12.5831","105.0","1965-12","7","3","4","0","0","31.7","9.9","15.0","4.9"
"IT000016239","ROMA CIAMPINO, IT","41.7831","12.5831","105.0","1966-01","12","10","12","0","0","109.9","6.4","11.7","1.2"
"IT000016239","ROMA CIAMPINO, IT","41.7831","12.5831","105.0","1966-02","10","7","0","0","0","87.3","11.4","16.3","6.4"
"IT000016239","ROMA CIAMPINO, IT","41.7831","12.5831","105.0","1966-03","6","3","6","0","0","19.5","9.6","15.7","3.5"
"IT000016239","ROMA CIAMPINO, IT","41.7831","12.5831","105.0","1966-04","8","4","1","0","0","39.7","14.3","20.3","8.3"
"IT000016239","ROMA CIAMPINO, IT","41.7831","12.5831","105.0","1966-05","10","3","0","0","0","36.2","17.1","23.8","10.5"
"IT000016239","ROMA CIAMPINO, IT","41.7831","12.5831","105.0","1966-06","3","1","0","0","7","10.5","22.8","30.0","15.5"
"IT000016239","ROMA CIAMPINO, IT","41.7831","12.5831","105.0","1966-07","3","3","0","0","5","22.9","22.6","29.4","15.7"
"IT000016239","ROMA CIAMPINO, IT","41.7831","12.5831","105.0","1966-08","2","1","0","0","7","30.3","23.6","30.6","16.5"
"IT000016239","ROMA CIAMPINO, IT","41.7831","12.5831","105.0","1966-09","5","2","0","0","2","24.3","21.6","28.6","14.7"
"IT000016239","ROMA CIAMPINO, IT","41.7831","12.5831","105.0","1966-10","17","13","0","0","0","199.7","18.7","23.8","13.6"
"IT000016239","ROMA CIAMPINO, IT","41.7831","12.5831","105.0","1966-11","17","13","0","0","0","186.2","10.2","14.8","5.6"
"IT000016239","ROMA CIAMPINO, IT","41.7831","12.5831","105.0","1966-12","11","6","5","0","0","98.4","7.7","11.9","3.5"
"IT000016239","ROMA CIAMPINO, IT","41.7831","12.5831","105.0","1967-01","7","5","13","0","0","48.6","5.9","10.7","1.2"
"IT000016239","ROMA CIAMPINO, IT","41.7831","12.5831","105.0","1967-02","4","2","7","0","0","57.9","8.4","13.3","3.5"
"IT000016239","ROMA CIAMPINO, IT","41.7831","12.5831","105.0","1967-03","7","2","0","0","0","23.5","11.5","16.8","6.2"
"IT000016239","ROMA CIAMPINO, IT","41.7831","12.5831","105.0","1967-04","9","4","0","0","0","35.5","13.1","18.9","7.3"
"IT000016239","ROMA CIAMPINO, IT","41.7831","12.5831","105.0","1967-05","6","3","0","0","0","24.3","17.4","23.6","11.2"
"IT000016239","ROMA CIAMPINO, IT","41.7831","12.5831","105.0","1967-06","7","2","0","0","2","18.7","19.7","26.2","13.2"
"IT000016239","ROMA CIAMPINO, IT","41.7831","12.5831","105.0","1967-07","2","0","0","0","22","2.4","25.4","32.8","17.9"
"IT000016239","ROMA CIAMPINO, IT","41.7831","12.5831","105.0","1967-08","4","3","0","0","12","32.2","24.9","31.8","18.1"
"IT000016239","ROMA CIAMPINO, IT","41.7831","12.5831","105.0","1967-09","4","2","0","0","0","26.0","20.7","26.5","14.9"
"IT000016239","ROMA CIAMPINO, IT","41.7831","12.5831","105.0","1967-10","1","1","0","0","0","3.1","18.1","24.8","11.4"
"IT000016239","ROMA CIAMPINO, IT","41.7831","12.5831","105.0","1967-11","10","7","0","0","0","139.0","13.6","18.8","8.4"
"IT000016239","ROMA CIAMPINO, IT","41.7831","12.5831","105.0","1967-12","8","7","4","0","0","107.5","8.4","12.8","4.0"
"IT000016239","ROMA CIAMPINO, IT","41.7831","12.5831","105.0","1968-01","11","2","11","0","0","33.1","5.6","10.6","0.6"
"IT000016239","ROMA CIAMPINO, IT","41.7831","12.5831","105.0","1968-02","12","7","1","0","0","81.2","9.9","14.1","5.8"
"IT000016239","ROMA CIAMPINO, IT","41.7831","12.5831","105.0","1968-03","9","4","2","0","0","38.6","10.4","15.4","5.4"
"IT000016239","ROMA CIAMPINO, IT","41.7831","12.5831","105.0","1968-04","7","3","0","0","0","31.3","14.5","20.1","8.9"
"IT000016239","ROMA CIAMPINO, IT","41.7831","12.5831","105.0","1968-05","6","3","0","0","0","38.5","18.4","24.3","12.6"
"IT000016239","ROMA CIAMPINO, IT","41.7831","12.5831","105.0","1968-06","11","7","0","0","0","104.5","20.3","25.3","15.2"
"IT000016239","ROMA CIAMPINO, IT","41.7831","12.5831","105.0","1968-07","1","1","0","0","5","3.0","23.3","29.6","17.1"
"IT000016239","ROMA CIAMPINO, IT","41.7831","12.5831","105.0","1968-08","5","3","0","0","0","33.6","22.5","28.3","16.7"
"IT000016239","ROMA CIAMPINO, IT","41.7831","12.5831","105.0","1968-09","8","5","0","0","0","35.0","20.5","26.2","14.8"
"IT000016239","ROMA CIAMPINO, IT","41.7831","12.5831","105.0","1968-10","4","3","0","0","0","13.8","16.4","22.4","10.4"
"IT000016239","ROMA CIAMPINO, IT","41.7831","12.5831","105.0","1968-11","9","7","2","0","0","77.9","11.4","17.0","5.8"
"IT000016239","ROMA CIAMPINO, IT","41.7831","12.5831","105.0","1968-12","13","9","4","0","0","95.6","8.6","12.4","4.9"
"IT000016239","ROMA CIAMPINO, IT","41.7831","12.5831","105.0","1969-01","9","3","8","0","0","55.5","7.2","12.0","2.4"
"IT000016239","ROMA CIAMPINO, IT","41.7831","12.5831","105.0","1969-02","15","9","4","0","0","121.9","8.1","12.3","3.9"
"IT000016239","ROMA CIAMPINO, IT","41.7831","12.5831","105.0","1969-03","18","10","0","0","0","122.2","10.3","14.2","6.4"
"IT000016239","ROMA CIAMPINO, IT","41.7831","12.5831","105.0","1969-04","8","5","0","0","0","42.1","12.6","17.9","7.4"
"IT000016239","ROMA CIAMPINO, IT","41.7831","12.5831","105.0","1969-05","6","3","0","0","1","28.2","18.5","24.2","12.7"
"IT000016239","ROMA CIAMPINO, IT","41.7831","12.5831","105.0","1969-06","7","3","0","0","1","35.2","19.4","25.5","13.4"
"IT000016239","ROMA CIAMPINO, IT","41.7831","12.5831","105.0","1969-07","5","0","0","0","6","7.2","22.8","29.1","16.6"
"IT000016239","ROMA CIAMPINO, IT","41.7831","12.5831","105.0","1969-08","3","1","0","0","4","11.2","23.3","29.2","17.4"
"IT000016239","ROMA CIAMPINO, IT","41.7831","12.5831","105.0","1969-09","11","6","0","0","2","105.9","21.2","27.0","15.4"
"IT000016239","ROMA CIAMPINO, IT","41.7831","12.5831","105.0","1969-10","2","1","0","0","0","9.8","16.7","22.9","10.4"
"IT000016239","ROMA CIAMPINO, IT","41.7831","12.5831","105.0","1969-11","14","11","2","0","0","111.2","13.3","17.9","8.7"
"IT000016239","ROMA CIAMPINO, IT","41.7831","12.5831","105.0","1969-12","16","11","5","0","0","94.4","6.4","10.5","2.4"
"IT000016239","ROMA CIAMPINO, IT","41.7831","12.5831","105.0","1970-01","13","6","2","0","0","71.0","9.5","13.6","5.4"
"IT000016239","ROMA CIAMPINO, IT","41.7831","12.5831","105.0","1970-02","9","5","5","0","0","58.3","8.5","12.9","4.1"
"IT000016239","ROMA CIAMPINO, IT","41.7831","12.5831","105.0","1970-03","13","10","4","0","0","93.1","9.3","14.2","4.4"
"IT000016239","ROMA CIAMPINO, IT","41.7831","12.5831","105.0","1970-04","8","4","0","0","0","34.5","12.8","18.1","7.5"
"IT000016239","ROMA CIAMPINO, IT","41.7831","12.5831","105.0","1970-05","9","4","0","0","0","59.8","15.4","21.4","9.4"
"IT000016239","ROMA CIAMPINO, IT","41.7831","12.5831","105.0","1970-06","5","2","0","0","1","13.2","21.9","27.9","15.9"
"IT000016239","ROMA CIAMPINO, IT","41.7831","12.5831","105.0","1970-07","2","1","0","0","11","5.7","23.6","30.0","17.1"
"IT000016239","ROMA CIAMPINO, IT","41.7831","12.5831","105.0","1970-08","2","1","0","0","6","11.1","24.0","30.2","17.8"
"IT000016239","ROMA CIAMPINO, IT","41.7831","12.5831","105.0","1970-09","2","1","0","0","0","9.9","22.0","28.1","15.8"
"IT000016239","ROMA CIAMPINO, IT","41.7831","12.5831","105.0","1970-10","5","2","0","0","0","14.5","15.6","22.1","9.1"
"IT000016239","ROMA CIAMPINO, IT","41.7831","12.5831","105.0","1970-11","9","7","1","0","0","72.9","12.7","17.9","7.4"
"IT000016239","ROMA CIAMPINO, IT","41.7831","12.5831","105.0","1970-12","12","11","8","0","0","144.3","8.4","13.1","3.8"
"IT000016239","ROMA CIAMPINO, IT","41.7831","12.5831","105.0","1971-01","13","10","3","0","0","133.7","8.4","12.6","4.3"
"IT000016239","ROMA CIAMPINO, IT","41.7831","12.5831","105.0","1971-02","7","3","5","0","0","55.6","7.9","13.4","2.4"
"IT000016239","ROMA CIAMPINO, IT","41.7831","12.5831","105.0","1971-03","12","7","11","0","0","79.4","7.6","12.8","2.4"
"IT000016239","ROMA CIAMPINO, IT","41.7831","12.5831","105.0","1971-04","12","4","0","0","0","29.1","14.1","19.7","8.4"
"IT000016239","ROMA CIAMPINO, IT","41.7831","12.5831","105.0","1971-05","7","5","0","0","0","69.8","17.8","24.0","11.7"
"IT000016239","ROMA CIAMPINO, IT","41.7831","12.5831","105.0","1971-06","5","1","0","0","0","11.1","20.2","26.0","14.4"
"IT000016239","ROMA CIAMPINO, IT","41.7831","12.5831","105.0","1971-07","3","2","0","0","14","19.1","23.9","30.9","16.9"
"IT000016239","ROMA CIAMPINO, IT","41.7831","12.5831","105.0","1971-08","1","1","0","0","21","15.5","26.2","33.2","19.2"
"IT000016239","ROMA CIAMPINO, IT","41.7831","12.5831","105.0","1971-09","7","5","0","0","0","61.2","19.6","25.8","13.4"
"IT000016239","ROMA CIAMPINO, IT","41.7831","12.5831","105.0","1971-10","4","1","0","0","0","11.0","14.7","21.2","8.2"
"IT000016239","ROMA CIAMPINO, IT","41.7831","12.5831","105.0","1971-11","15","12","0","0","0","152.0","11.0","15.8","6.1"
"IT000016239","ROMA CIAMPINO, IT","41.7831","12.5831","105.0","1971-12","6","5","8","0","0","50.2","7.3","12.3","2.3"
"IT000016239","ROMA CIAMPINO, IT","41.7831","12.5831","105.0","1972-01","14","9","1","0","0","146.8","8.0","12.2","3.9"
"IT000016239","ROMA CIAMPINO, IT","41.7831","12.5831","105.0","1972-02","14","8","2","0","0","124.0","10.0","14.6","5.4"
"IT000016239","ROMA CIAMPINO, IT","41.7831","12.5831","105.0","1972-03","6","4","0","0","0","42.8","12.2","17.7","6.8"
"IT000016239","ROMA CIAMPINO, IT","41.7831","12.5831","105.0","1972-04","16","13","0","0","0","126.9","13.1","18.1","8.0"
"IT000016239","ROMA CIAMPINO, IT","41.7831","12.5831","105.0","1972-05","10","7","0","0","0","60.4","16.5","22.1","10.9"
"IT000016239","ROMA CIAMPINO, IT","41.7831","12.5831","105.0","1972-06","2","1","0","0","0","28.5","21.0","27.3","14.7"
"IT000016239","ROMA CIAMPINO, IT","41.7831","12.5831","105.0","1972-07","7","6","0","0","3","43.6","23.1","29.0","17.1"
"IT000016239","ROMA CIAMPINO, IT","41.7831","12.5831","105.0","1972-08","7","5","0","0","6","53.5","22.4","28.9","15.8"
"IT000016239","ROMA CIAMPINO, IT","41.7831","12.5831","105.0","1972-09","13","8","0","0","0","112.8","18.6","23.6","13.6"
"IT000016239","ROMA CIAMPINO, IT","41.7831","12.5831","105.0","1972-10","9","6","0","0","0","45.0","14.2","18.9","9.5"
"IT000016239","ROMA CIAMPINO, IT","41.7831","12.5831","105.0","1972-11","7","4","4","0","0","20.9","12.0","16.8","7.1"
"IT000016239","ROMA CIAMPINO, IT","41.7831","12.5831","105.0","1972-12","4","3","3","0","0","43.1","9.2","13.6","4.8"
"IT000016239","ROMA CIAMPINO, IT","41.7831","12.5831","105.0","1973-01","14","8","9","0","0","97.0","8.0","12.5","3.5"
"IT000016239","ROMA CIAMPINO, IT","41.7831","12.5831","105.0","1973-02","12","8","6","0","0","96.8","7.1","11.9","2.3"
"IT000016239","ROMA CIAMPINO, IT","41.7831","12.5831","105.0","1973-03","11","5","5","0","0","26.7","8.7","14.2","3.2"
"IT000016239","ROMA CIAMPINO, IT","41.7831","12.5831","105.0","1973-04","11","7","0","0","0","46.6","11.0","16.5","5.6"
"IT000016239","ROMA CIAMPINO, IT","41.7831","12.5831","105.0","1973-05","2","0","0","0","1","1.3","18.4","25.3","11.5"
"IT000016239","ROMA CIAMPINO, IT","41.7831","12.5831","105.0","1973-06","5","2","0","0","1","17.6","22.4","28.8","16.1"
"IT000016239","ROMA CIAMPINO, IT","41.7831","12.5831","105.0","1973-07","1","1","0","0","9","12.2","24.5","30.9","18.0"
"IT000016239","ROMA CIAMPINO, IT","41.7831","12.5831","105.0","1973-08","6","5","0","0","14","109.0","24.9","31.4","18.5"
"IT000016239","ROMA CIAMPINO, IT","41.7831","12.5831","105.0","1973-09","8","4","0","0","2","35.1","22.2","27.9","16.6"
"IT000016239","ROMA CIAMPINO, IT","41.7831","12.5831","105.0","1973-10","5","3","0","0","0","53.1","16.7","22.0","11.4"
"IT000016239","ROMA CIAMPINO, IT","41.7831","12.5831","105.0","1973-11","4","3","3","0","0","23.0","11.4","16.6","6.1"
"IT000016239","ROMA CIAMPINO, IT","41.7831","12.5831","105.0","1973-12","12","4","9","0","0","36.3","7.9","12.3","3.5"
"IT000016239","ROMA CIAMPINO, IT","41.7831","12.5831","105.0","1974-01","9","5","1","0","0","46.2","8.7","13.3","4.1"
"IT000016239","ROMA CIAMPINO, IT","41.7831","12.5831","105.0","1974-02","13","7","1","0","0","63.9","9.9","14.3","5.5"
"IT000016239","ROMA CIAMPINO, IT","41.7831","12.5831","105.0","1974-03","11","6","0","0","0","68.2","10.7","15.9","5.6"
"IT000016239","ROMA CIAMPINO, IT","41.7831","12.5831","105.0","1974-04","18","13","0","0","0","234.5","12.2","16.3","8.2"
"IT000016239","ROMA CIAMPINO, IT","41.7831","12.5831","105.0","1974-05","8","4","0","0","0","56.6","16.6","21.9","11.3"
"IT000016239","ROMA CIAMPINO, IT","41.7831","12.5831","105.0","1974-06","1","0","0","0","0","1.4","21.1","27.1","15.2"
"IT000016239","ROMA CIAMPINO, IT","41.7831","12.5831","105.0","1974-07","1","1","0","0","6","22.5","23.9","30.0","17.7"
"IT000016239","ROMA CIAMPINO, IT","41.7831","12.5831","105.0","1974-08","3","0","0","0","15","3.3","25.3","31.9","18.7"
"IT000016239","ROMA CIAMPINO, IT","41.7831","12.5831","105.0","1974-09","11","7","0","0","0","137.6","21.2","26.6","15.8"
"IT000016239","ROMA CIAMPINO, IT","41.7831","12.5831","105.0","1974-10","11","9","0","0","0","107.1","12.6","17.2","7.9"
"IT000016239","ROMA CIAMPINO, IT","41.7831","12.5831","105.0","1974-11","10","5","1","0","0","70.0","10.9","15.6","6.3"
"IT000016239","ROMA CIAMPINO, IT","41.7831","12.5831","105.0","1974-12","6","3","7","0","0","27.2","7.4","12.4","2.5"
"IT000016239","ROMA CIAMPINO, IT","41.7831","12.5831","105.0","1975-01","8","0","4","0","0","8.7","8.1","13.1","3.1"
"IT000016239","ROMA CIAMPINO, IT","41.7831","12.5831","105.0","1975-02","5","2","5","0","0","22.0","8.3","13.5","3.1"
"IT000016239","ROMA CIAMPINO, IT","41.7831","12.5831","105.0","1975-03","15","12","1","0","0","126.1","10.3","14.6","6.0"
"IT000016239","ROMA CIAMPINO, IT","41.7831","12.5831","105.0","1975-04","10","4","0","0","0","34.1","12.7","18.2","7.2"
"IT000016239","ROMA CIAMPINO, IT","41.7831","12.5831","105.0","1975-05","11","8","0","0","0","70.9","17.7","23.2","12.1"
"IT000016239","ROMA CIAMPINO, IT","41.7831","12.5831","105.0","1975-06","7","4","0","0","0","22.7","20.1","26.1","14.2"
"IT000016239","ROMA CIAMPINO, IT","41.7831","12.5831","105.0","1975-07","0","0","0","0","11","0.5","24.9","31.3","18.4"
"IT000016239","ROMA CIAMPINO, IT","41.7831","12.5831","105.0","1975-08","8","5","0","0","5","84.0","23.9","29.7","18.2"
"IT000016239","ROMA CIAMPINO, IT","41.7831","12.5831","105.0","1975-09","6","4","0","0","2","103.8","22.5","27.8","17.2"
"IT000016239","ROMA CIAMPINO, IT","41.7831","12.5831","105.0","1975-10","9","8","0","0","0","130.8","15.3","20.8","9.7"
"IT000016239","ROMA CIAMPINO, IT","41.7831","12.5831","105.0","1975-11","14","9","3","0","0","199.1","10.7","15.2","6.2"
"IT000016239","ROMA CIAMPINO, IT","41.7831","12.5831","105.0","1975-12","9","7","1","0","0","96.2","8.9","13.4","4.4"
"IT000016239","ROMA CIAMPINO, IT","41.7831","12.5831","105.0","1976-01","7","4","7","0","0","22.6","7.4","12.1","2.6"
"IT000016239","ROMA CIAMPINO, IT","41.7831","12.5831","105.0","1976-02","12","7","0","0","0","140.4","9.4","14.1","4.9"
"IT000016239","ROMA CIAMPINO, IT","41.7831","12.5831","105.0","1976-03","10","6","2","0","0","57.5","9.8","14.9","4.6"
"IT000016239","ROMA CIAMPINO, IT","41.7831","12.5831","105.0","1976-04","12","6","0","0","0","59.3","12.4","17.5","7.3"
"IT000016239","ROMA CIAMPINO, IT","41.7831","12.5831","105.0","1976-05","6","3","0","0","0","53.9","17.4","22.9","11.9"
"IT000016239","ROMA CIAMPINO, IT","41.7831","12.5831","105.0","1976-06","10","7","0","0","1","127.6","21.4","27.6","15.2"
"IT000016239","ROMA CIAMPINO, IT","41.7831","12.5831","105.0","1976-07","5","2","0","0","4","19.3","23.6","29.4","17.8"
"IT000016239","ROMA CIAMPINO, IT","41.7831","12.5831","105.0","1976-08","7","2","0","0","0","37.4","22.4","28.2","16.7"
"IT000016239","ROMA CIAMPINO, IT","41.7831","12.5831","105.0","1976-09","5","5","0","0","0","81.4","19.1","24.6","13.7"
"IT000016239","ROMA CIAMPINO, IT","41.7831","12.5831","105.0","1976-10","14","8","0","0","0","157.0","16.9","22.1","11.6"
"IT000016239","ROMA CIAMPINO, IT","41.7831","12.5831","105.0","1976-11","17","10","2","0","0","165.8","11.2","15.7","6.8"
"IT000016239","ROMA CIAMPINO, IT","41.7831","12.5831","105.0","1976-12","17","11","2","0","0","155.8","9.6","13.2","6.0"
"IT000016239","ROMA CIAMPINO, IT","41.7831","12.5831","105.0","1977-01","12","9","3","0","0","68.8","9.5","13.1","5.9"
"IT000016239","ROMA CIAMPINO, IT","41.7831","12.5831","105.0","1977-02","11","8","0","0","0","54.7","11.0","15.2","6.8"
"IT000016239","ROMA CIAMPINO, IT","41.7831","12.5831","105.0","1977-03","6","4","1","0","0","32.9","12.3","17.6","7.0"
"IT000016239","ROMA CIAMPINO, IT","41.7831","12.5831","105.0","1977-04","6","1","0","0","0","18.4","13.5","19.8","7.2"
"IT000016239","ROMA CIAMPINO, IT","41.7831","12.5831","105.0","1977-05","7","4","0","0","1","35.0","18.6","24.8","12.4"
"IT000016239","ROMA CIAMPINO, IT","41.7831","12.5831","105.0","1977-06","3","3","0","0","1","39.3","20.5","26.4","14.7"
"IT000016239","ROMA CIAMPINO, IT","41.7831","12.5831","105.0","1977-07","1","0","0","0","3","1.3","23.8","29.3","18.3"
"IT000016239","ROMA CIAMPINO, IT","41.7831","12.5831","105.0","1977-08","7","5","0","0","4","116.7","22.6","28.2","16.9"
"IT000016239","ROMA CIAMPINO, IT","41.7831","12.5831","105.0","1977-09","6","5","0","0","0","109.5","18.2","24.4","12.0"
"IT000016239","ROMA CIAMPINO, IT","41.7831","12.5831","105.0","1977-10","4","2","0","0","0","30.6","16.4","21.5","11.2"
"IT000016239","ROMA CIAMPINO, IT","41.7831","12.5831","105.0","1977-11","13","7","0","0","0","67.9","11.3","16.2","6.4"
"IT000016239","ROMA CIAMPINO, IT","41.7831","12.5831","105.0","1977-12","10","7","7","0","0","66.6","7.6","12.0","3.2"
"IT000016239","ROMA CIAMPINO, IT","41.7831","12.5831","105.0","1978-01","14","10","8","0","0","169.5","7.1","11.4","2.8"
"IT000016239","ROMA CIAMPINO, IT","41.7831","12.5831","105.0","1978-02","9","7","6","0","0","100.5","8.8","12.7","4.8"
"IT000016239","ROMA CIAMPINO, IT","41.7831","12.5831","105.0","1978-03","13","7","0","0","0","81.3","10.1","15.0","5.2"
"IT000016239","ROMA CIAMPINO, IT","41.7831","12.5831","105.0","1978-04","17","13","0","0","0","164.9","11.5","15.7","7.4"
"IT000016239","ROMA CIAMPINO, IT","41.7831","12.5831","105.0","1978-05","11","7","0","0","0","92.1","15.9","20.4","11.5"
"IT000016239","ROMA CIAMPINO, IT","41.7831","12.5831","105.0","1978-06","5","5","0","0","1","23.3","20.6","26.6","14.6"
"IT000016239","ROMA CIAMPINO, IT","41.7831","12.5831","105.0","1978-07","0","0","0","0","6","0.1","21.9","28.8","15.1"
"IT000016239","ROMA CIAMPINO, IT","41.7831","12.5831","105.0","1978-08","4","3","0","0","7","21.7","22.6","29.4","15.9"
"IT000016239","ROMA CIAMPINO, IT","41.7831","12.5831","105.0","1978-09","6","5","0","0","0","73.5","19.6","26.0","13.1"
"IT000016239","ROMA CIAMPINO, IT","41.7831","12.5831","105.0","1978-10",,,"0","0","0",,"15.1","20.8","9.4"
"IT000016239","ROMA CIAMPINO, IT","41.7831","12.5831","105.0","1978-11",,,"0","0","0",,"9.3","15.2","3.5"
"IT000016239","ROMA CIAMPINO, IT","41.7831","12.5831","105.0","1978-12",,,"0","0","0",,"10.2","14.2","6.3"
"IT000016239","ROMA CIAMPINO, IT","41.7831","12.5831","105.0","1979-01",,,"11","0","0",,"6.6","10.4","2.9"
"IT000016239","ROMA CIAMPINO, IT","41.7831","12.5831","105.0","1979-02",,,"4","0","0",,"9.6","13.4","5.8"
"IT000016239","ROMA CIAMPINO, IT","41.7831","12.5831","105.0","1979-03","9","6","0","0","0","80.2","11.0","15.6","6.4"
"IT000016239","ROMA CIAMPINO, IT","41.7831","12.5831","105.0","1979-04","14","9","0","0","0","88.1","11.3","16.2","6.4"
"IT000016239","ROMA CIAMPINO, IT","41.7831","12.5831","105.0","1979-05","4","3","0","0","0","19.7","16.8","23.3","10.3"
"IT000016239","ROMA CIAMPINO, IT","41.7831","12.5831","105.0","1979-06","8","3","0","0","1","29.6","21.6","27.9","15.2"
"IT000016239","ROMA CIAMPINO, IT","41.7831","12.5831","105.0","1979-07","3","3","0","0","4","12.9","23.6","29.9","17.2"
"IT000016239","ROMA CIAMPINO, IT","41.7831","12.5831","105.0","1979-08","6","3","0","0","6","45.8","23.1","29.5","16.8"
"IT000016239","ROMA CIAMPINO, IT","41.7831","12.5831","105.0","1979-09","8","7","0","0","0","145.6","20.0","25.9","14.2"
"IT000016239","ROMA CIAMPINO, IT","41.7831","12.5831","105.0","1979-10","13","12","0","0","0","216.0","16.7","21.8","11.7"
"IT000016239","ROMA CIAMPINO, IT","41.7831","12.5831","105.0","1979-11","9","8","0","0","0","123.5","10.1","14.7","5.4"
"IT000016239","ROMA CIAMPINO, IT","41.7831","12.5831","105.0","1979-12","13","9","0","0","0","119.1","8.4","13.3","3.6"
"IT000016239","ROMA CIAMPINO, IT","41.7831","12.5831","105.0","1980-01","13","9","7","0","0","118.9","6.8","10.6","2.9"
"IT000016239","ROMA CIAMPINO, IT","41.7831","12.5831","105.0","1980-02","3","2","3","0","0","11.9","8.2","13.7","2.8"
"IT000016239","ROMA CIAMPINO, IT","41.7831","12.5831","105.0","1980-03","17","10","0","0","0","94.3","10.2","15.0","5.4"
"IT000016239","ROMA CIAMPINO, IT","41.7831","12.5831","105.0","1980-04","8","3","0","0","0","19.9","10.7","15.8","5.6"
"IT000016239","ROMA CIAMPINO, IT","41.7831","12.5831","105.0","1980-05","13","9","0","0","0","129.1","14.5","19.4","9.6"
"IT000016239","ROMA CIAMPINO, IT","41.7831","12.5831","105.0","1980-06","5","3","0","0","0","20.2","19.3","25.3","13.4"
"IT000016239","ROMA CIAMPINO, IT","41.7831","12.5831","105.0","1980-07","1","0","0","0","4","0.5","21.8","28.5","15.1"
"IT000016239","ROMA CIAMPINO, IT","41.7831","12.5831","105.0","1980-08","2","2","0","0","7","40.4","24.4","30.8","18.1"
"IT000016239","ROMA CIAMPINO, IT","41.7831","12.5831","105.0","1980-09","1","1","0","0","0","3.8","20.6","27.2","13.9"
"IT000016239","ROMA CIAMPINO, IT","41.7831","12.5831","105.0","1980-10","12","9","0","0","0","132.8","16.0","21.3","10.7"
"IT000016239","ROMA CIAMPINO, IT","41.7831","12.5831","105.0","1980-11","15","11","0","0","0","204.6","11.9","16.0","7.8"
"IT000016239","ROMA CIAMPINO, IT","41.7831","12.5831","105.0","1980-12","11","7","10","0","0","73.6","6.1","10.3","1.8"
"IT000016239","ROMA CIAMPINO, IT","41.7831","12.5831","105.0","1981-01","7","5","20","0","0","96.4","4.5","9.3","-0.4"
"IT000016239","ROMA CIAMPINO, IT","41.7831","12.5831","105.0","1981-02","11","9","10","0","0","79.6","6.6","11.3","1.8"
"IT000016239","ROMA CIAMPINO, IT","41.7831","12.5831","105.0","1981-03","6","3","0","0","0","26.0","11.7","16.7","6.6"
"IT000016239","ROMA CIAMPINO, IT","41.7831","12.5831","105.0","1981-04","8","5","0","0","0","61.7","13.5","18.9","8.2"
"IT000016239","ROMA CIAMPINO, IT","41.7831","12.5831","105.0","1981-05","6","4","0","0","0","56.2","16.3","22.3","10.4"
"IT000016239","ROMA CIAMPINO, IT","41.7831","12.5831","105.0","1981-06","6","5","0","0","5","58.6","21.6","28.3","14.9"
"IT000016239","ROMA CIAMPINO, IT","41.7831","12.5831","105.0","1981-07","3","2","0","0","1","44.0","22.3","29.0","15.6"
"IT000016239","ROMA CIAMPINO, IT","41.7831","12.5831","105.0","1981-08","3","2","0","0","11","9.1","23.8","30.9","16.6"
"IT000016239","ROMA CIAMPINO, IT","41.7831","12.5831","105.0","1981-09","7","4","0","0","0","99.9","21.1","26.9","15.4"
"IT000016239","ROMA CIAMPINO, IT","41.7831","12.5831","105.0","1981-10","10","4","0","0","0","90.1","16.9","22.7","11.0"
"IT000016239","ROMA CIAMPINO, IT","41.7831","12.5831","105.0","1981-11","2","1","8","0","0","6.9","8.1","13.4","2.9"
"IT000016239","ROMA CIAMPINO, IT","41.7831","12.5831","105.0","1981-12","15","10","5","0","0","128.5","9.0","12.7","5.3"
"IT000016239","ROMA CIAMPINO, IT","41.7831","12.5831","105.0","1982-01","4","1","2","0","0","9.2","8.5","13.1","3.9"
"IT000016239","ROMA CIAMPINO, IT","41.7831","12.5831","105.0","1982-02","8","2","7","0","0","17.2","7.3","12.1","2.6"
"IT000016239","ROMA CIAMPINO, IT","41.7831","12.5831","105.0","1982-03","15","7","3","0","0","89.2","8.9","14.1","3.8"
"IT000016239","ROMA CIAMPINO, IT","41.7831","12.5831","105.0","1982-04","8","3","0","0","0","31.0","11.9","17.3","6.5"
"IT000016239","ROMA CIAMPINO, IT","41.7831","12.5831","105.0","1982-05","6","5","0","0","0","53.4","17.0","22.9","11.1"
"IT000016239","ROMA CIAMPINO, IT","41.7831","12.5831","105.0","1982-06","5","0","0","0","5","5.4","22.5","29.0","16.1"
"IT000016239","ROMA CIAMPINO, IT","41.7831","12.5831","105.0","1982-07","3","3","0","0","14","57.4","25.2","31.6","18.8"
"IT000016239","ROMA CIAMPINO, IT","41.7831","12.5831","105.0","1982-08","3","2","0","0","9","14.6","24.3","30.8","17.7"
"IT000016239","ROMA CIAMPINO, IT","41.7831","12.5831","105.0","1982-09","9","4","0","0","4","54.2","22.8","29.1","16.6"
"IT000016239","ROMA CIAMPINO, IT","41.7831","12.5831","105.0","1982-10","13","10","0","0","0","155.0","16.2","20.7","11.6"
"IT000016239","ROMA CIAMPINO, IT","41.7831","12.5831","105.0","1982-11","11","5","0","0","0","145.4","12.3","16.9","7.7"
"IT000016239","ROMA CIAMPINO, IT","41.7831","12.5831","105.0","1982-12","12","6","2","0","0","109.8","9.2","12.9","5.5"
"IT000016239","ROMA CIAMPINO, IT","41.7831","12.5831","105.0","1983-01","5","1","8","0","0","8.6","6.8","11.7","1.9"
"IT000016239","ROMA CIAMPINO, IT","41.7831","12.5831","105.0","1983-02","13","10","10","0","0","146.4","5.9","10.4","1.4"
"IT000016239","ROMA CIAMPINO, IT","41.7831","12.5831","105.0","1983-03","6","5","0","0","0","56.0","10.1","14.8","5.3"
"IT000016239","ROMA CIAMPINO, IT","41.7831","12.5831","105.0","1983-04","8","4","0","0","0","46.8","13.1","18.5","7.6"
"IT000016239","ROMA CIAMPINO, IT","41.7831","12.5831","105.0","1983-05","3","1","0","0","0","14.6","17.1","23.5","10.6"
"IT000016239","ROMA CIAMPINO, IT","41.7831","12.5831","105.0","1983-06","8","4","0","0","0","84.0","20.6","27.2","14.1"
"IT000016239","ROMA CIAMPINO, IT","41.7831","12.5831","105.0","1983-07","5","3","0","0","13","25.7","25.3","32.4","18.3"
"IT000016239","ROMA CIAMPINO, IT","41.7831","12.5831","105.0","1983-08","8","5","0","0","1","86.4","23.1","28.8","17.4"
"IT000016239","ROMA CIAMPINO, IT","41.7831","12.5831","105.0","1983-09","5","3","0","0","0","29.4","20.5","26.7","14.2"
"IT000016239","ROMA CIAMPINO, IT","41.7831","12.5831","105.0","1983-10","5","4","0","0","0","66.4","15.9","21.4","10.3"
"IT000016239","ROMA CIAMPINO, IT","41.7831","12.5831","105.0","1983-11","9","5","0","0","0","57.8","11.2","15.8","6.6"
"IT000016239","ROMA CIAMPINO, IT","41.7831","12.5831","105.0","1983-12","9","9","4","0","0","87.4","8.4","12.4","4.3"
"IT000016239","ROMA CIAMPINO, IT","41.7831","12.5831","105.0","1984-01","11","8","9","0","0","113.1","7.1","11.5","2.7"
"IT000016239","ROMA CIAMPINO, IT","41.7831","12.5831","105.0","1984-02","13","9","7","0","0","166.5","6.9","11.0","2.7"
"IT000016239","ROMA CIAMPINO, IT","41.7831","12.5831","105.0","1984-03","11","7","1","0","0","68.2","8.8","13.4","4.2"
"IT000016239","ROMA CIAMPINO, IT","41.7831","12.5831","105.0","1984-04","14","8","0","0","0","58.3","11.7","16.6","6.8"
"IT000016239","ROMA CIAMPINO, IT","41.7831","12.5831","105.0","1984-05","16","9","0","0","0","106.2","15.7","20.7","10.7"
"IT000016239","ROMA CIAMPINO, IT","41.7831","12.5831","105.0","1984-06","6","4","0","0","0","31.5","19.5","25.2","13.8"
"IT000016239","ROMA CIAMPINO, IT","41.7831","12.5831","105.0","1984-07","0","0","0","0","7","0.0","23.1","30.0","16.3"
"IT000016239","ROMA CIAMPINO, IT","41.7831","12.5831","105.0","1984-08","7","3","0","0","4","53.8","22.2","28.1","16.3"
"IT000016239","ROMA CIAMPINO, IT","41.7831","12.5831","105.0","1984-09","10","7","0","0","0","98.7","19.1","24.4","13.8"
"IT000016239","ROMA CIAMPINO, IT","41.7831","12.5831","105.0","1984-10","15","7","0","0","0","83.3","16.3","21.1","11.4"
"IT000016239","ROMA CIAMPINO, IT","41.7831","12.5831","105.0","1984-11","11","7","0","0","0","189.2","12.3","17.1","7.5"
"IT000016239","ROMA CIAMPINO, IT","41.7831","12.5831","105.0","1984-12","12","8","4","0","0","57.6","8.6","12.7","4.4"
"IT000016239","ROMA CIAMPINO, IT","41.7831","12.5831","105.0","1985-01","13","9","13","4","0","128.2","4.1","8.1","0.0"
"IT000016239","ROMA CIAMPINO, IT","41.7831","12.5831","105.0","1985-02","6","4","7","0","0","23.1","8.1","12.4","3.7"
"IT000016239","ROMA CIAMPINO, IT","41.7831","12.5831","105.0","1985-03","15","13","3","0","0","127.7","9.6","13.7","5.5"
"IT000016239","ROMA CIAMPINO, IT","41.7831","12.5831","105.0","1985-04","4","2","0","0","0","20.7","13.5","18.3","8.7"
"IT000016239","ROMA CIAMPINO, IT","41.7831","12.5831","105.0","1985-05","9","5","0","0","0","46.8","17.5","22.7","12.2"
"IT000016239","ROMA CIAMPINO, IT","41.7831","12.5831","105.0","1985-06","2","0","0","0","0","2.1","21.1","26.7","15.5"
"IT000016239","ROMA CIAMPINO, IT","41.7831","12.5831","105.0","1985-07","0","0","0","0","12","0.0","25.8","32.0","19.5"
"IT000016239","ROMA CIAMPINO, IT","41.7831","12.5831","105.0","1985-08","3","3","0","0","10","11.0","24.6","30.8","18.4"
"IT000016239","ROMA CIAMPINO, IT","41.7831","12.5831","105.0","1985-09","2","2","0","0","0","20.7","22.3","28.7","15.9"
"IT000016239","ROMA CIAMPINO, IT","41.7831","12.5831","105.0","1985-10","7","5","0","0","0","86.9","16.8","22.5","11.1"
"IT000016239","ROMA CIAMPINO, IT","41.7831","12.5831","105.0","1985-11","18","15","0","0","0","244.2","12.0","15.8","8.2"
"IT000016239","ROMA CIAMPINO, IT","41.7831","12.5831","105.0","1985-12","5","5","3","0","0","46.8","9.2","13.4","5.0"
"IT000016239","ROMA CIAMPINO, IT","41.7831","12.5831","105.0","1986-01","10","6","7","0","0","94.4","7.0","11.3","2.7"
"IT000016239","ROMA CIAMPINO, IT","41.7831","12.5831","105.0","1986-02","19","12","7","0","0","168.6","6.3","10.0","2.5"
"IT000016239","ROMA CIAMPINO, IT","41.7831","12.5831","105.0","1986-03","12","6","0","0","0","57.0","10.4","14.6","6.1"
"IT000016239","ROMA CIAMPINO, IT","41.7831","12.5831","105.0","1986-04","11","8","0","0","0","90.3","12.8","17.8","7.9"
"IT000016239","ROMA CIAMPINO, IT","41.7831","12.5831","105.0","1986-05","1","0","0","0","0","1.5","19.4","25.2","13.6"
"IT000016239","ROMA CIAMPINO, IT","41.7831","12.5831","105.0","1986-06","10","5","0","0","0","59.9","20.2","25.4","14.9"
"IT000016239","ROMA CIAMPINO, IT","41.7831","12.5831","105.0","1986-07","7","3","0","0","3","43.2","23.5","29.0","17.9"
"IT000016239","ROMA CIAMPINO, IT","41.7831","12.5831","105.0","1986-08","2","1","0","0","9","8.6","24.6","30.7","18.6"
"IT000016239","ROMA CIAMPINO, IT","41.7831","12.5831","105.0","1986-09","4","4","0","0","0","64.9","20.9","26.7","15.1"
"IT000016239","ROMA CIAMPINO, IT","41.7831","12.5831","105.0","1986-10","6","5","0","0","0","51.6","17.5","22.9","12.1"
"IT000016239","ROMA CIAMPINO, IT","41.7831","12.5831","105.0","1986-11","7","6","0","0","0","101.5","11.6","16.4","6.9"
"IT000016239","ROMA CIAMPINO, IT","41.7831","12.5831","105.0","1986-12","8","4","8","0","0","48.5","6.6","11.4","1.9"
"IT000016239","ROMA CIAMPINO, IT","41.7831","12.5831","105.0","1987-01","15","11","9","0","0","130.8","7.0","11.2","2.9"
"IT000016239","ROMA CIAMPINO, IT","41.7831","12.5831","105.0","1987-02","12","10","3","0","0","144.8","8.3","12.0","4.6"
"IT000016239","ROMA CIAMPINO, IT","41.7831","12.5831","105.0","1987-03","8","4","16","0","0","37.6","6.4","11.9","0.9"
"IT000016239","ROMA CIAMPINO, IT","41.7831","12.5831","105.0","1987-04","6","1","1","0","0","18.4","12.6","18.4","6.9"
"IT000016239","ROMA CIAMPINO, IT","41.7831","12.5831","105.0","1987-05","9","4","0","0","0","40.9","14.8","20.3","9.3"
"IT000016239","ROMA CIAMPINO, IT","41.7831","12.5831","105.0","1987-06","7","4","0","0","3","32.9","20.5","26.6","14.5"
"IT000016239","ROMA CIAMPINO, IT","41.7831","12.5831","105.0","1987-07","1","0","0","0","9","1.9","25.5","31.3","19.7"
"IT000016239","ROMA CIAMPINO, IT","41.7831","12.5831","105.0","1987-08","2","1","0","0","11","10.4","24.9","30.8","19.1"
"IT000016239","ROMA CIAMPINO, IT","41.7831","12.5831","105.0","1987-09","3","1","0","0","6","9.3","23.9","30.1","17.8"
"IT000016239","ROMA CIAMPINO, IT","41.7831","12.5831","105.0","1987-10","8","5","0","0","0","141.0","18.8","23.3","14.2"
"IT000016239","ROMA CIAMPINO, IT","41.7831","12.5831","105.0","1987-11","15","12","0","0","0","145.7","11.8","16.0","7.7"
"IT000016239","ROMA CIAMPINO, IT","41.7831","12.5831","105.0","1987-12","11","6","2","0","0","68.5","9.2","13.0","5.5"
"IT000016239","ROMA CIAMPINO, IT","41.7831","12.5831","105.0","1988-01","14","7","1","0","0","59.9","9.6","13.7","5.5"
"IT000016239","ROMA CIAMPINO, IT","41.7831","12.5831","105.0","1988-02","12","7","7","0","0","55.4","7.9","12.9","3.1"
"IT000016239","ROMA CIAMPINO, IT","41.7831","12.5831","105.0","1988-03","7","4","6","0","0","66.5","9.4","14.5","4.3"
"IT000016239","ROMA CIAMPINO, IT","41.7831","12.5831","105.0","1988-04","17","10","0","0","0","78.0","13.1","18.1","8.1"
"IT000016239","ROMA CIAMPINO, IT","41.7831","12.5831","105.0","1988-05","7","4","0","0","0","61.7","18.2","23.3","13.1"
"IT000016239","ROMA CIAMPINO, IT","41.7831","12.5831","105.0","1988-07","0","0","0","0","18","0.0","25.8","32.0","19.6"
"IT000016239","ROMA CIAMPINO, IT","41.7831","12.5831","105.0","1988-08","1","1","0","0","14","14.1","25.2","31.5","19.0"
"IT000016239","ROMA CIAMPINO, IT","41.7831","12.5831","105.0","1988-09","5","1","0","0","1","11.4","20.3","26.3","14.3"
"IT000016239","ROMA CIAMPINO, IT","41.7831","12.5831","105.0","1988-10","7","4","0","0","0","80.1","18.0","23.1","12.9"
"IT000016239","ROMA CIAMPINO, IT","41.7831","12.5831","105.0","1988-11","8","5","3","0","0","40.3","9.1","13.8","4.4"
"IT000016239","ROMA CIAMPINO, IT","41.7831","12.5831","105.0","1988-12","4","4","7","0","0","60.8","7.1","11.5","2.8"
"IT000016239","ROMA CIAMPINO, IT","41.7831","12.5831","105.0","1989-01","2","1","8","0","0","20.4","6.3","11.0","1.6"
"IT000016239","ROMA CIAMPINO, IT","41.7831","12.5831","105.0","1989-02","4","3","2","0","0","30.7","8.6","13.3","4.0"
"IT000016239","ROMA CIAMPINO, IT","41.7831","12.5831","105.0","1989-03","7","4","0","0","0","36.1","12.1","17.5","6.7"
"IT000016239","ROMA CIAMPINO, IT","41.7831","12.5831","105.0","1989-04","16","11","0","0","0","148.1","13.3","17.6","8.9"
"IT000016239","ROMA CIAMPINO, IT","41.7831","12.5831","105.0","1989-05","5","4","0","0","0","58.1","16.7","22.0","11.4"
"IT000016239","ROMA CIAMPINO, IT","41.7831","12.5831","105.0","1989-06","7","2","0","0","0","28.0","20.0","25.3","14.8"
"IT000016239","ROMA CIAMPINO, IT","41.7831","12.5831","105.0","1989-07","6","6","0","0","5","74.2","24.3","30.0","18.6"
"IT000016239","ROMA CIAMPINO, IT","41.7831","12.5831","105.0","1989-08","1","0","0","0","13","1.2","25.1","31.1","19.2"
"IT000016239","ROMA CIAMPINO, IT","41.7831","12.5831","105.0","1989-09","11","9","0","0","0","133.8","20.4","25.3","15.4"
"IT000016239","ROMA CIAMPINO, IT","41.7831","12.5831","105.0","1989-10","5","3","0","0","0","23.5","14.7","20.1","9.3"
"IT000016239","ROMA CIAMPINO, IT","41.7831","12.5831","105.0","1989-11","12","9","1","0","0","90.6","10.8","15.1","6.5"
"IT000016239","ROMA CIAMPINO, IT","41.7831","12.5831","105.0","1989-12","8","5","8","0","0","96.5","9.5","13.9","5.2"
"IT000016239","ROMA CIAMPINO, IT","41.7831","12.5831","105.0","1990-01","4","3","11","0","0","69.1","7.3","12.1","2.5"
"IT000016239","ROMA CIAMPINO, IT","41.7831","12.5831","105.0","1990-02","3","2","1","0","0","14.4","10.2","15.7","4.6"
"IT000016239","ROMA CIAMPINO, IT","41.7831","12.5831","105.0","1990-03","8","6","2","0","0","73.9","11.2","16.2","6.1"
"IT000016239","ROMA CIAMPINO, IT","41.7831","12.5831","105.0","1990-04","13","10","0","0","0","146.2","12.3","17.0","7.6"
"IT000016239","ROMA CIAMPINO, IT","41.7831","12.5831","105.0","1990-05","7","2","0","0","0","25.4","17.9","23.7","12.2"
"IT000016239","ROMA CIAMPINO, IT","41.7831","12.5831","105.0","1990-06","4","2","0","0","2","8.4","21.7","27.5","15.9"
"IT000016239","ROMA CIAMPINO, IT","41.7831","12.5831","105.0","1990-07","2","1","0","0","9","60.1","24.9","30.8","19.0"
"IT000016239","ROMA CIAMPINO, IT","41.7831","12.5831","105.0","1990-08","3","1","0","0","3","9.0","24.4","30.2","18.6"
"IT000016239","ROMA CIAMPINO, IT","41.7831","12.5831","105.0","1990-09","4","3","0","0","0","66.5","21.0","26.1","15.9"
"IT000016239","ROMA CIAMPINO, IT","41.7831","12.5831","105.0","1990-10","15","10","0","0","0","196.8","18.6","22.7","14.4"
"IT000016239","ROMA CIAMPINO, IT","41.7831","12.5831","105.0","1990-11","14","8","0","0","0","97.5","11.5","16.0","7.1"
"IT000016239","ROMA CIAMPINO, IT","41.7831","12.5831","105.0","1990-12","11","10","6","0","0","198.9","6.4","10.1","2.6"
"IT000016239","ROMA CIAMPINO, IT","41.7831","12.5831","105.0","1991-01","3","0","13","0","0","3.3","7.1","11.9","2.4"
"IT000016239","ROMA CIAMPINO, IT","41.7831","12.5831","105.0","1991-02","14","8","10","0","0","55.1","7.4","11.9","2.9"
"IT000016239","ROMA CIAMPINO, IT","41.7831","12.5831","105.0","1991-03","7","4","0","0","0","33.8","12.4","17.3","7.5"
"IT000016239","ROMA CIAMPINO, IT","41.7831","12.5831","105.0","1991-04","12","11","0","0","0","140.6","11.3","16.4","6.2"
"IT000016239","ROMA CIAMPINO, IT","41.7831","12.5831","105.0","1991-05","14","10","0","0","0","88.2","13.7","19.1","8.3"
"IT000016239","ROMA CIAMPINO, IT","41.7831","12.5831","105.0","1991-06","2","2","0","0","0","18.8","20.6","25.9","15.2"
"IT000016239","ROMA CIAMPINO, IT","41.7831","12.5831","105.0","1991-07","1","1","0","0","8","15.5","25.1","31.2","19.1"
"IT000016239","ROMA CIAMPINO, IT","41.7831","12.5831","105.0","1991-08","3","1","0","0","13","6.0","25.6","31.7","19.6"
"IT000016239","ROMA CIAMPINO, IT","41.7831","12.5831","105.0","1991-09","10","5","0","0","0","57.6","22.2","27.5","17.0"
"IT000016239","ROMA CIAMPINO, IT","41.7831","12.5831","105.0","1991-10","13","11","0","0","0","224.4","15.5","20.3","10.7"
"IT000016239","ROMA CIAMPINO, IT","41.7831","12.5831","105.0","1991-11","14","11","0","0","0","147.3","11.0","15.2","6.9"
"IT000016239","ROMA CIAMPINO, IT","41.7831","12.5831","105.0","1991-12","3","0","16","0","0","1.6","5.0","10.0","-0.1"
"IT000016239","ROMA CIAMPINO, IT","41.7831","12.5831","105.0","1992-01","5","3","6","0","0","34.1","7.2","11.8","2.6"
"IT000016239","ROMA CIAMPINO, IT","41.7831","12.5831","105.0","1992-02","3","1","7","0","0","11.4","7.9","13.5","2.3"
"IT000016239","ROMA CIAMPINO, IT","41.7831","12.5831","105.0","1992-03","9","6","0","0","0","63.3","10.6","15.4","5.9"
"IT000016239","ROMA CIAMPINO, IT","41.7831","12.5831","105.0","1992-04","11","8","0","0","0","122.4","13.2","17.9","8.4"
"IT000016239","ROMA CIAMPINO, IT","41.7831","12.5831","105.0","1992-05","9","3","0","0","0","32.0","18.3","24.2","12.3"
"IT000016239","ROMA CIAMPINO, IT","41.7831","12.5831","105.0","1992-06","14","8","0","0","0","120.9","20.3","25.3","15.3"
"IT000016239","ROMA CIAMPINO, IT","41.7831","12.5831","105.0","1992-07","5","4","0","0","7","47.4","23.6","28.8","18.4"
"IT000016239","ROMA CIAMPINO, IT","41.7831","12.5831","105.0","1992-08","1","1","0","0","16","8.6","26.2","32.2","20.3"
"IT000016239","ROMA CIAMPINO, IT","41.7831","12.5831","105.0","1992-09","2","2","0","0","0","69.3","21.7","27.7","15.7"
"IT000016239","ROMA CIAMPINO, IT","41.7831","12.5831","105.0","1992-10","21","10","0","0","0","170.9","17.5","21.1","13.8"
"IT000016239","ROMA CIAMPINO, IT","41.7831","12.5831","105.0","1992-11","8","5","0","0","0","59.6","13.2","17.8","8.7"
"IT000016239","ROMA CIAMPINO, IT","41.7831","12.5831","105.0","1992-12","9","4","1","0","0","81.9","8.7","12.6","4.8"
"IT000016239","ROMA CIAMPINO, IT","41.7831","12.5831","105.0","1993-01","1","1","9","0","0","3.7","6.8","11.8","1.8"
"IT000016239","ROMA CIAMPINO, IT","41.7831","12.5831","105.0","1993-02","4","0","10","0","0","3.1","7.1","13.5","0.8"
"IT000016239","ROMA CIAMPINO, IT","41.7831","12.5831","105.0","1993-03","7","4","5","0","0","45.7","9.5","15.4","3.7"
"IT000016239","ROMA CIAMPINO, IT","41.7831","12.5831","105.0","1993-04","8","3","0","0","0","18.7","12.9","18.1","7.7"
"IT000016239","ROMA CIAMPINO, IT","41.7831","12.5831","105.0","1993-05","8","6","0","0","0","28.0","18.3","24.4","12.2"
"IT000016239","ROMA CIAMPINO, IT","41.7831","12.5831","105.0","1993-06","4","1","0","0","3","4.6","22.5","28.4","16.7"
"IT000016239","ROMA CIAMPINO, IT","41.7831","12.5831","105.0","1993-07","2","0","0","0","6","0.9","23.8","29.8","17.7"
"IT000016239","ROMA CIAMPINO, IT","41.7831","12.5831","105.0","1993-08","0","0","0","0","23","0.1","26.3","32.6","20.0"
"IT000016239","ROMA CIAMPINO, IT","41.7831","12.5831","105.0","1993-09","8","5","0","0","0","83.1","21.3","26.6","16.1"
"IT000016239","ROMA CIAMPINO, IT","41.7831","12.5831","105.0","1993-10","10","7","0","0","0","99.0","16.9","21.2","12.5"
"IT000016239","ROMA CIAMPINO, IT","41.7831","12.5831","105.0","1993-11","15","11","1","0","0","81.2","10.4","14.0","6.9"
"IT000016239","ROMA CIAMPINO, IT","41.7831","12.5831","105.0","1993-12","13","8","3","0","0","79.6","8.7","12.5","4.9"
"IT000016239","ROMA CIAMPINO, IT","41.7831","12.5831","105.0","1994-01","10","7","1","0","0","61.9","8.8","12.5","5.0"
"IT000016239","ROMA CIAMPINO, IT","41.7831","12.5831","105.0","1994-02","9","7","2","0","0","67.7","8.3","12.6","4.0"
"IT000016239","ROMA CIAMPINO, IT","41.7831","12.5831","105.0","1994-03","0","0","0","0","0","0.1","12.3","17.6","7.0"
"IT000016239","ROMA CIAMPINO, IT","41.7831","12.5831","105.0","1994-04","13","8","0","0","0","92.0","12.3","16.6","8.0"
"IT000016239","ROMA CIAMPINO, IT","41.7831","12.5831","105.0","1994-05","3","3","0","0","0","33.6","17.8","22.9","12.8"
"IT000016239","ROMA CIAMPINO, IT","41.7831","12.5831","105.0","1994-06","5","4","0","0","2","45.4","22.0","26.8","17.3"
"IT000016239","ROMA CIAMPINO, IT","41.7831","12.5831","105.0","1994-07","5","2","0","0","12","17.1","26.3","31.8","20.8"
"IT000016239","ROMA CIAMPINO, IT","41.7831","12.5831","105.0","1994-08","0","0","0","0","20","0.1","27.2","32.9","21.5"
"IT000016239","ROMA CIAMPINO, IT","41.7831","12.5831","105.0","1994-09","9","6","0","0","1","30.4","22.7","27.7","17.7"
"IT000016239","ROMA CIAMPINO, IT","41.7831","12.5831","105.0","1994-10","8","4","0","0","0","45.1","16.9","21.6","12.3"
"IT000016239","ROMA CIAMPINO, IT","41.7831","12.5831","105.0","1994-11","6","5","0","0","0","71.8","13.4","17.6","9.1"
"IT000016239","ROMA CIAMPINO, IT","41.7831","12.5831","105.0","1994-12","8","5","0","0","0","48.9","9.6","12.9","6.2"
"IT000016239","ROMA CIAMPINO, IT","41.7831","12.5831","105.0","1995-01","8","4","15","0","0","30.7","5.9","10.2","1.5"
"IT000016239","ROMA CIAMPINO, IT","41.7831","12.5831","105.0","1995-02","10","7","2","0","0","60.0","9.5","14.1","4.9"
"IT000016239","ROMA CIAMPINO, IT","41.7831","12.5831","105.0","1995-03","13","7","1","0","0","63.0","9.4","14.0","4.7"
"IT000016239","ROMA CIAMPINO, IT","41.7831","12.5831","105.0","1995-04","7","7","0","0","0","121.8","12.7","17.6","7.7"
"IT000016239","ROMA CIAMPINO, IT","41.7831","12.5831","105.0","1995-05","7","4","0","0","0","74.1","16.2","21.1","11.2"
"IT000016239","ROMA CIAMPINO, IT","41.7831","12.5831","105.0","1995-06","6","3","0","0","1","23.7","19.6","25.1","14.1"
"IT000016239","ROMA CIAMPINO, IT","41.7831","12.5831","105.0","1995-07","3","1","0","0","12","6.0","25.7","31.5","19.9"
"IT000016239","ROMA CIAMPINO, IT","41.7831","12.5831","105.0","1995-08","11","7","0","0","10","103.0","23.9","29.1","18.7"
"IT000016239","ROMA CIAMPINO, IT","41.7831","12.5831","105.0","1995-09","10","7","0","0","0","47.4","19.9","24.4","15.3"
"IT000016239","ROMA CIAMPINO, IT","41.7831","12.5831","105.0","1995-10","1","1","0","0","0","14.1","17.5","23.5","11.4"
"IT000016239","ROMA CIAMPINO, IT","41.7831","12.5831","105.0","1995-11","8","2","3","0","0","19.4","11.2","16.2","6.1"
"IT000016239","ROMA CIAMPINO, IT","41.7831","12.5831","105.0","1995-12","16","12","0","0","0","139.3","10.6","14.0","7.1"
"IT000016239","ROMA CIAMPINO, IT","41.7831","12.5831","105.0","1996-01","9","8","3","0","0","78.6","9.9","13.9","6.0"
"IT000016239","ROMA CIAMPINO, IT","41.7831","12.5831","105.0","1996-02","10","9","7","0","0","89.3","7.4","12.1","2.8"
"IT000016239","ROMA CIAMPINO, IT","41.7831","12.5831","105.0","1996-03","7","5","4","0","0","42.0","9.1","13.6","4.7"
"IT000016239","ROMA CIAMPINO, IT","41.7831","12.5831","105.0","1996-04","8","4","0","0","0","56.8","13.9","19.0","8.9"
"IT000016239","ROMA CIAMPINO, IT","41.7831","12.5831","105.0","1996-05","9","5","0","0","0","56.3","17.9","22.8","13.1"
"IT000016239","ROMA CIAMPINO, IT","41.7831","12.5831","105.0","1996-06","7","3","0","0","4","30.5","21.9","27.4","16.4"
"IT000016239","ROMA CIAMPINO, IT","41.7831","12.5831","105.0","1996-07","3","3","0","0","4","37.7","23.7","29.6","17.9"
"IT000016239","ROMA CIAMPINO, IT","41.7831","12.5831","105.0","1996-08","6","6","0","0","1","87.5","23.7","29.3","18.1"
"IT000016239","ROMA CIAMPINO, IT","41.7831","12.5831","105.0","1996-09","14","12","0","0","0","158.5","18.0","23.1","12.9"
"IT000016239","ROMA CIAMPINO, IT","41.7831","12.5831","105.0","1996-10","12","10","0","0","0","165.8","15.2","19.9","10.5"
"IT000016239","ROMA CIAMPINO, IT","41.7831","12.5831","105.0","1996-11","14","11","0","0","0","179.8","13.1","17.1","9.1"
"IT000016239","ROMA CIAMPINO, IT","41.7831","12.5831","105.0","1996-12","15","10","5","0","0","132.3","8.4","12.4","4.3"
"IT000016239","ROMA CIAMPINO, IT","41.7831","12.5831","105.0","1997-01","8","5","0","0","0","54.0","8.9","13.0","4.8"
"IT000016239","ROMA CIAMPINO, IT","41.7831","12.5831","105.0","1997-02","6","5","2","0","0","50.2","8.6","13.7","3.6"
"IT000016239","ROMA CIAMPINO, IT","41.7831","12.5831","105.0","1997-03","3","2","0","0","0","43.4","10.7","16.7","4.6"
"IT000016239","ROMA CIAMPINO, IT","41.7831","12.5831","105.0","1997-04","9","6","0","0","0","77.0","10.7","16.2","5.2"
"IT000016239","ROMA CIAMPINO, IT","41.7831","12.5831","105.0","1997-05","6","3","0","0","0","28.9","18.1","24.0","12.2"
"IT000016239","ROMA CIAMPINO, IT","41.7831","12.5831","105.0","1997-06","6","3","0","0","0","25.5","22.6","27.9","17.2"
"IT000016239","ROMA CIAMPINO, IT","41.7831","12.5831","105.0","1997-07","5","0","0","0","4","6.8","23.9","29.7","18.1"
"IT000016239","ROMA CIAMPINO, IT","41.7831","12.5831","105.0","1997-08","6","6","0","0","6","117.3","24.4","30.0","18.8"
"IT000016239","ROMA CIAMPINO, IT","41.7831","12.5831","105.0","1997-09","2","1","0","0","0","16.6","22.1","27.7","16.4"
"IT000016239","ROMA CIAMPINO, IT","41.7831","12.5831","105.0","1997-10","13","8","0","0","0","132.2","17.0","21.6","12.5"
"IT000016239","ROMA CIAMPINO, IT","41.7831","12.5831","105.0","1997-11","19","12","0","0","0","245.8","12.7","16.2","9.1"
"IT000016239","ROMA CIAMPINO, IT","41.7831","12.5831","105.0","1997-12","12","5","0","0","0","107.2","9.1","13.2","5.1"
"IT000016239","ROMA CIAMPINO, IT","41.7831","12.5831","105.0","1998-01","10","6","3","0","0","113.1","8.2","12.6","3.9"
"IT000016239","ROMA CIAMPINO, IT","41.7831","12.5831","105.0","1998-02","5","4","0","0","0","72.0","9.3","14.9","3.8"
"IT000016239","ROMA CIAMPINO, IT","41.7831","12.5831","105.0","1998-03","4","1","1","0","0","33.1","9.6","15.0","4.1"
"IT000016239","ROMA CIAMPINO, IT","41.7831","12.5831","105.0","1998-04","14","10","0","0","0","97.7","13.8","18.4","9.3"
"IT000016239","ROMA CIAMPINO, IT","41.7831","12.5831","105.0","1998-05","9","6","0","0","0","142.0","17.4","22.6","12.3"
"IT000016239","ROMA CIAMPINO, IT","41.7831","12.5831","105.0","1998-06","3","2","0","0","7","24.8","22.7","28.6","16.8"
"IT000016239","ROMA CIAMPINO, IT","41.7831","12.5831","105.0","1998-07","2","1","0","0","10","3.8","24.9","30.9","18.8"
"IT000016239","ROMA CIAMPINO, IT","41.7831","12.5831","105.0","1998-08","3","1","0","0","15","17.2","26.0","32.2","19.9"
"IT000016239","ROMA CIAMPINO, IT","41.7831","12.5831","105.0","1998-09","8","4","0","0","0","89.4","20.6","26.0","15.2"
"IT000016239","ROMA CIAMPINO, IT","41.7831","12.5831","105.0","1998-10","10","9","0","0","0","174.8","16.4","20.9","11.9"
"IT000016239","ROMA CIAMPINO, IT","41.7831","12.5831","105.0","1998-11","9","3","0","0","0","34.0","10.5","14.4","6.5"
"IT000016239","ROMA CIAMPINO, IT","41.7831","12.5831","105.0","1998-12","9","4","8","0","0","85.2","7.3","11.6","2.9"
"IT000016239","ROMA CIAMPINO, IT","41.7831","12.5831","105.0","1999-01","6","4","5",,,"48.6",,,"2.6"
"IT000016239","ROMA CIAMPINO, IT","41.7831","12.5831","105.0","1999-02","11","4","11",,,"52.0",,,"1.2"
"IT000016239","ROMA CIAMPINO, IT","41.7831","12.5831","105.0","1999-03","10","9","0",,,"115.5",,,"5.3"
"IT000016239","ROMA CIAMPINO, IT","41.7831","12.5831","105.0","1999-04","11","7","0",,,"124.8",,,"8.0"
"IT000016239","ROMA CIAMPINO, IT","41.7831","12.5831","105.0","1999-05","6","4","0",,,"58.1",,,"13.1"
"IT000016239","ROMA CIAMPINO, IT","41.7831","12.5831","105.0","1999-06","4","3","0",,,"31.8",,,"16.0"
"IT000016239","ROMA CIAMPINO, IT","41.7831","12.5831","105.0","1999-07","4","1","0",,,"12.8",,,"17.9"
"IT000016239","ROMA CIAMPINO, IT","41.7831","12.5831","105.0","1999-08","1","0","0",,,"0.8",,,"19.2"
"IT000016239","ROMA CIAMPINO, IT","41.7831","12.5831","105.0","1999-09","7","7","0",,,"136.7",,,"15.7"
"IT000016239","ROMA CIAMPINO, IT","41.7831","12.5831","105.0","1999-10","11","9","0",,,"134.5",,,"12.5"
"IT000016239","ROMA CIAMPINO, IT","41.7831","12.5831","105.0","1999-11","15","11","0",,,"150.7",,,"7.8"
"IT000016239","ROMA CIAMPINO, IT","41.7831","12.5831","105.0","2000-05","4","3","0",,,"53.5",,,"13.9"
"IT000016239","ROMA CIAMPINO, IT","41.7831","12.5831","105.0","2000-06","3","2","0","0","0","11.9","22.3","28.6","16.0"
"IT000016239","ROMA CIAMPINO, IT","41.7831","12.5831","105.0","2000-07","1","1","0","0","5","6.3","23.2","29.1","17.3"
"IT000016239","ROMA CIAMPINO, IT","41.7831","12.5831","105.0","2000-08","3","1","0",,,"50.6",,,"18.6"
"IT000016239","ROMA CIAMPINO, IT","41.7831","12.5831","105.0","2000-09","5","4","0","0","0","55.3","21.4","27.3","15.4"
"IT000016239","ROMA CIAMPINO, IT","41.7831","12.5831","105.0","2000-10",,,,"0","0",,,"22.0",
"IT000016239","ROMA CIAMPINO, IT","41.7831","12.5831","105.0","2000-11","14","12","0",,,"194.4",,,"9.1"
"IT000016239","ROMA CIAMPINO, IT","41.7831","12.5831","105.0","2000-12","10","7","0",,,"68.9",,,"6.0"
"IT000016239","ROMA CIAMPINO, IT","41.7831","12.5831","105.0","2001-01","12","10","0",,,"192.9",,,"6.1"
"IT000016239","ROMA CIAMPINO, IT","41.7831","12.5831","105.0","2001-02","7","5","2",,,"50.8",,,"4.3"
"IT000016239","ROMA CIAMPINO, IT","41.7831","12.5831","105.0","2001-03","7","4","0","0","0","45.7","13.4","17.7","9.1"
"IT000016239","ROMA CIAMPINO, IT","41.7831","12.5831","105.0","2001-04","14","7","0","0","0","103.1","12.5","17.7","7.3"
"IT000016239","ROMA CIAMPINO, IT","41.7831","12.5831","105.0","2001-05","8","5","0","0","0","80.2","19.0","24.5","13.6"
"IT000016239","ROMA CIAMPINO, IT","41.7831","12.5831","105.0","2001-06","4","1","0","0","1","8.4","21.6","27.8","15.6"
"IT000016239","ROMA CIAMPINO, IT","41.7831","12.5831","105.0","2001-07","3","0","0",,,"4.6",,,"18.7"
"IT000016239","ROMA CIAMPINO, IT","41.7831","12.5831","105.0","2001-08","1","1","0",,,"4.0",,,"19.8"
"IT000016239","ROMA CIAMPINO, IT","41.7831","12.5831","105.0","2001-09","7","1","0",,,"19.0",,,"14.0"
"IT000016239","ROMA CIAMPINO, IT","41.7831","12.5831","105.0","2001-10","3","1","0","0","0","4.3","19.8","25.6","14.1"
"IT000016239","ROMA CIAMPINO, IT","41.7831","12.5831","105.0","2001-11","14","8","0","0","0","108.0","13.1","17.7","8.4"
"IT000016239","ROMA CIAMPINO, IT","41.7831","12.5831","105.0","2001-12","9","4","7",,,"45.3",,,"2.5"
"IT000016239","ROMA CIAMPINO, IT","41.7831","12.5831","105.0","2002-01","2","1","18",,,"27.8",,,"1.1"
"IT000016239","ROMA CIAMPINO, IT","41.7831","12.5831","105.0","2002-02","9","5","0","0","0","74.6","10.2","14.8","5.5"
"IT000016239","ROMA CIAMPINO, IT","41.7831","12.5831","105.0","2002-03","3","3","1",,,"20.2",,,"6.4"
"IT000016239","ROMA CIAMPINO, IT","41.7831","12.5831","105.0","2002-04","10","5","0",,,"63.6",,,"9.0"
"IT000016239","ROMA CIAMPINO, IT","41.7831","12.5831","105.0","2002-05","10","7","0",,,"85.8",,,"13.4"
"IT000016239","ROMA CIAMPINO, IT","41.7831","12.5831","105.0","2002-06","2","2","0",,,"29.2",,,"18.5"
"IT000016239","ROMA CIAMPINO, IT","41.7831","12.5831","105.0","2002-07","6","3","0","0","4","88.5","24.5","29.6","19.3"
"IT000016239","ROMA CIAMPINO, IT","41.7831","12.5831","105.0","2002-08","6","4","0",,,"133.3",,,"18.8"
"IT000016239","ROMA CIAMPINO, IT","41.7831","12.5831","105.0","2002-09","14","8","0","0","0","70.3","19.8","24.5","15.1"
"IT000016239","ROMA CIAMPINO, IT","41.7831","12.5831","105.0","2002-10","8","6","0","0","0","59.7","17.0","21.5","12.6"
"IT000016239","ROMA CIAMPINO, IT","41.7831","12.5831","105.0","2002-11","11","7","1",,,"119.1",,,"10.7"
"IT000016239","ROMA CIAMPINO, IT","41.7831","12.5831","105.0","2002-12","14","11","0",,,"115.8",,,"6.8"
"IT000016239","ROMA CIAMPINO, IT","41.7831","12.5831","105.0","2003-01","12","11","1",,,"137.8",,,"4.7"
"IT000016239","ROMA CIAMPINO, IT","41.7831","12.5831","105.0","2003-02","7","1","16",,,"12.5",,,"0.2"
"IT000016239","ROMA CIAMPINO, IT","41.7831","12.5831","105.0","2003-03","2","1","0","0","0","10.2","10.5","16.4","4.6"
"IT000016239","ROMA CIAMPINO, IT","41.7831","12.5831","105.0","2003-04","5","4","1",,,"73.6",,,"8.7"
"IT000016239","ROMA CIAMPINO, IT","41.7831","12.5831","105.0","2003-05","4","1","0","0","0","8.7","20.7","26.6","14.8"
"IT000016239","ROMA CIAMPINO, IT","41.7831","12.5831","105.0","2003-06","1","0","0","0","16","0.8","26.2","32.3","20.0"
"IT000016239","ROMA CIAMPINO, IT","41.7831","12.5831","105.0","2003-07","0","0","0","0","14","0.2","26.6","32.1","21.0"
"IT000016239","ROMA CIAMPINO, IT","41.7831","12.5831","105.0","2003-08","3","1","0",,,"20.0",,,"21.6"
"IT000016239","ROMA CIAMPINO, IT","41.7831","12.5831","105.0","2003-09","7","6","0","0","0","67.9","21.2","26.7","15.8"
"IT000016239","ROMA CIAMPINO, IT","41.7831","12.5831","105.0","2003-10","14","9","0",,,"123.6",,,"12.2"
"IT000016239","ROMA CIAMPINO, IT","41.7831","12.5831","105.0","2003-11","12","7","0","0","0","127.3","14.1","18.1","10.1"
"IT000016239","ROMA CIAMPINO, IT","41.7831","12.5831","105.0","2003-12","10","6","4","0","0","62.6","8.6","12.6","4.7"
"IT000016239","ROMA CIAMPINO, IT","41.7831","12.5831","105.0","2004-01","11","6","14",,,"72.4",,,"1.8"
"IT000016239","ROMA CIAMPINO, IT","41.7831","12.5831","105.0","2004-02","12","10","3",,,"119.5",,,"4.1"
"IT000016239","ROMA CIAMPINO, IT","41.7831","12.5831","105.0","2004-03","9","7","1",,,"96.2",,,"5.4"
"IT000016239","ROMA CIAMPINO, IT","41.7831","12.5831","105.0","2004-04","17","13","0",,,"140.5",,,"9.8"
"IT000016239","ROMA CIAMPINO, IT","41.7831","12.5831","105.0","2004-05","12","7","0",,,"89.4",,,"11.7"
"IT000016239","ROMA CIAMPINO, IT","41.7831","12.5831","105.0","2004-06","7","3","0",,,"21.0",,,"16.9"
"IT000016239","ROMA CIAMPINO, IT","41.7831","12.5831","105.0","2004-07","3","1","0",,,"53.9",,,"18.9"
"IT000016239","ROMA CIAMPINO, IT","41.7831","12.5831","105.0","2004-08","2","1","0",,,"17.8",,,"19.6"
"IT000016239","ROMA CIAMPINO, IT","41.7831","12.5831","105.0","2004-09","5","4","1",,,"62.1",,,"16.2"
"IT000016239","ROMA CIAMPINO, IT","41.7831","12.5831","105.0","2004-10","11","9","0",,,"108.6",,,"14.9"
"IT000016239","ROMA CIAMPINO, IT","41.7831","12.5831","105.0","2004-11","10","8","2",,,"115.8",,,"8.2"
"IT000016239","ROMA CIAMPINO, IT","41.7831","12.5831","105.0","2004-12","17","13","1",,,"226.6",,,"7.3"
"IT000016239","ROMA CIAMPINO, IT","41.7831","12.5831","105.0","2005-01","7","7","4",,,"57.5",,,"1.5"
"IT000016239","ROMA CIAMPINO, IT","41.7831","12.5831","105.0","2005-02","9","9","9",,,"69.3",,,"1.9"
"IT000016239","ROMA CIAMPINO, IT","41.7831","12.5831","105.0","2005-03","9","3","4","0","0","27.0","9.6","14.1","5.2"
"IT000016239","ROMA CIAMPINO, IT","41.7831","12.5831","105.0","2005-04","11","5","0",,,"65.8",,,"8.1"
"IT000016239","ROMA CIAMPINO, IT","41.7831","12.5831","105.0","2005-05","6","4","0",,,"28.8",,,"13.9"
"IT000016239","ROMA CIAMPINO, IT","41.7831","12.5831","105.0","2005-06","4","4","0",,,"36.7",,,"17.6"
"IT000016239","ROMA CIAMPINO, IT","41.7831","12.5831","105.0","2005-07","1","0","0",,,"1.8",,,"19.8"
"IT000016239","ROMA CIAMPINO, IT","41.7831","12.5831","105.0","2005-08","6","5","0",,,"58.7",,,"18.6"
"IT000016239","ROMA CIAMPINO, IT","41.7831","12.5831","105.0","2005-09","12","9","0","0","0","150.5","21.3","25.7","17.0"
"IT000016239","ROMA CIAMPINO, IT","41.7831","12.5831","105.0","2005-10","11","8","0","0","0","114.3","16.4","20.6","12.2"
"IT000016239","ROMA CIAMPINO, IT","41.7831","12.5831","105.0","2005-11","12","7","0",,,"177.6",,,"8.5"
"IT000016239","ROMA CIAMPINO, IT","41.7831","12.5831","105.0","2005-12","19","10","4",,,"176.6",,,"3.9"
"IT000016239","ROMA CIAMPINO, IT","41.7831","12.5831","105.0","2006-01","7","4","9",,,"32.7",,,"2.2"
"IT000016239","ROMA CIAMPINO, IT","41.7831","12.5831","105.0","2006-02","9","8","5",,,"61.7",,,"4.1"
"IT000016239","ROMA CIAMPINO, IT","41.7831","12.5831","105.0","2006-03","10","8","0",,,"61.3",,,"5.8"
"IT000016239","ROMA CIAMPINO, IT","41.7831","12.5831","105.0","2006-04","8","5","0",,,"49.2",,,"9.7"
"IT000016239","ROMA CIAMPINO, IT","41.7831","12.5831","105.0","2006-05","4","2","0",,,"15.5",,,"13.1"
"IT000016239","ROMA CIAMPINO, IT","41.7831","12.5831","105.0","2006-06","2","1","0","0","9","5.5","21.9","27.7","16.1"
"IT000016239","ROMA CIAMPINO, IT","41.7831","12.5831","105.0","2006-07","5","1","0","0","20","28.8","27.0","33.1","20.8"
"IT000016239","ROMA CIAMPINO, IT","41.7831","12.5831","105.0","2006-08","7","4","0",,,"19.3",,,"19.0"
"IT000016239","ROMA CIAMPINO, IT","41.7831","12.5831","105.0","2006-09","7","6","0","0","3","121.5","22.2","27.8","16.6"
"IT000016239","ROMA CIAMPINO, IT","41.7831","12.5831","105.0","2006-10","4","2","0","0","0","36.2","18.2","23.7","12.7"
"IT000016239","ROMA CIAMPINO, IT","41.7831","12.5831","105.0","2006-11","4","3","1","0","0","37.2","12.1","17.5","6.7"
"IT000016239","ROMA CIAMPINO, IT","41.7831","12.5831","105.0","2006-12","7","5","0",,,"51.0",,,"5.8"
"IT000016239","ROMA CIAMPINO, IT","41.7831","12.5831","105.0","2007-01","10","5","2",,,"47.3",,,"5.0"
"IT000016239","ROMA CIAMPINO, IT","41.7831","12.5831","105.0","2007-02","15","9","0",,,"114.9",,,"5.5"
"IT000016239","ROMA CIAMPINO, IT","41.7831","12.5831","105.0","2007-03","9","7","0","0","0","72.7","10.9","15.7","6.2"
"IT000016239","ROMA CIAMPINO, IT","41.7831","12.5831","105.0","2007-04","7","2","0","0","0","18.8","15.4","21.0","9.8"
"IT000016239","ROMA CIAMPINO, IT","41.7831","12.5831","105.0","2007-05","6","5","0",,,"34.7",,,"12.9"
"IT000016239","ROMA CIAMPINO, IT","41.7831","12.5831","105.0","2007-06","2","2","0","0","4","22.2","22.6","28.3","16.9"
"IT000016239","ROMA CIAMPINO, IT","41.7831","12.5831","105.0","2007-07","0","0","0","0","15","0.1","25.3","32.3","18.3"
"IT000016239","ROMA CIAMPINO, IT","41.7831","12.5831","105.0","2007-08","3","0","0","0","11","2.1","25.1","31.0","19.1"
"IT000016239","ROMA CIAMPINO, IT","41.7831","12.5831","105.0","2007-09","6","3","0","0","0","40.8","20.6","26.3","15.0"
"IT000016239","ROMA CIAMPINO, IT","41.7831","12.5831","105.0","2007-10","8","5","0",,,"39.4",,,"11.4"
"IT000016239","ROMA CIAMPINO, IT","41.7831","12.5831","105.0","2007-11","12","8","0",,,"45.4",,,"6.0"
"IT000016239","ROMA CIAMPINO, IT","41.7831","12.5831","105.0","2007-12","9","4","6",,,"24.2",,,"2.5"
"IT000016239","ROMA CIAMPINO, IT","41.7831","12.5831","105.0","2008-01","10","7","5",,,"101.9",,,"4.2"
"IT000016239","ROMA CIAMPINO, IT","41.7831","12.5831","105.0","2008-02","7","3","5",,,"41.3",,,"3.1"
"IT000016239","ROMA CIAMPINO, IT","41.7831","12.5831","105.0","2008-03","16","14","0","0","0","129.8","10.6","15.5","5.8"
"IT000016239","ROMA CIAMPINO, IT","41.7831","12.5831","105.0","2008-04","8","5","0","0","0","36.0","13.7","18.6","8.8"
"IT000016239","ROMA CIAMPINO, IT","41.7831","12.5831","105.0","2008-05","10","6","0","0","1","146.6","18.5","24.3","12.7"
"IT000016239","ROMA CIAMPINO, IT","41.7831","12.5831","105.0","2008-06","5","2","0","0","7","16.3","22.4","27.6","17.2"
"IT000016239","ROMA CIAMPINO, IT","41.7831","12.5831","105.0","2008-07","2","0","0","0","11","1.7","25.4","31.6","19.1"
"IT000016239","ROMA CIAMPINO, IT","41.7831","12.5831","105.0","2008-08","0","0","0","0","17","0.1","25.8","32.4","19.1"
"IT000016239","ROMA CIAMPINO, IT","41.7831","12.5831","105.0","2008-09","5","4","0","0","7","38.2","21.1","27.4","14.7"
"IT000016239","ROMA CIAMPINO, IT","41.7831","12.5831","105.0","2008-10","9","7","0",,,"64.0",,,"12.5"
"IT000016239","ROMA CIAMPINO, IT","41.7831","12.5831","105.0","2008-11","12","7","0","0","0","151.0","13.0","17.5","8.4"
"IT000016239","ROMA CIAMPINO, IT","41.7831","12.5831","105.0","2008-12","16","12","0",,,"266.8",,,"4.8"
"IT000016239","ROMA CIAMPINO, IT","41.7831","12.5831","105.0","2009-01","15","12","1",,,"113.0",,,"4.2"
"IT000016239","ROMA CIAMPINO, IT","41.7831","12.5831","105.0","2009-02","10","8","9",,,"65.4",,,"3.1"
"IT000016239","ROMA CIAMPINO, IT","41.7831","12.5831","105.0","2009-03",,,"0",,,,,,"6.4"
"IT000016239","ROMA CIAMPINO, IT","41.7831","12.5831","105.0","2009-04",,,"0","0","0",,"15.0","20.3","9.6"
"IT000016239","ROMA CIAMPINO, IT","41.7831","12.5831","105.0","2009-05",,,"0","0","2",,"20.1","26.4","13.8"
"IT000016239","ROMA CIAMPINO, IT","41.7831","12.5831","105.0","2009-06",,,"0","0","4",,"22.5","28.1","16.8"
"IT000016239","ROMA CIAMPINO, IT","41.7831","12.5831","105.0","2009-07",,,"0","0","14",,"25.9","32.0","19.9"
"IT000016239","ROMA CIAMPINO, IT","41.7831","12.5831","105.0","2009-08",,,"0","0","20",,"27.2","33.4","21.1"
"IT000016239","ROMA CIAMPINO, IT","41.7831","12.5831","105.0","2009-09",,,"0",,,,,,"17.8"
"IT000016239","ROMA CIAMPINO, IT","41.7831","12.5831","105.0","2009-10",,,"0",,,,,,"10.1"
"IT000016239","ROMA CIAMPINO, IT","41.7831","12.5831","105.0","2009-11",,,"0","0","0",,"11.8","16.5","7.1"
"IT000016239","ROMA CIAMPINO, IT","41.7831","12.5831","105.0","2009-12",,,"2",,,,,,"5.1"
"IT000016239","ROMA CIAMPINO, IT","41.7831","12.5831","105.0","2010-05",,,,"0","0",,,"22.1",
"IT000016239","ROMA CIAMPINO, IT","41.7831","12.5831","105.0","2010-06",,,,"0","1",,,"27.6",
"IT000016239","ROMA CIAMPINO, IT","41.7831","12.5831","105.0","2010-07",,,,"0","17",,,"32.7",
"IT000016239","ROMA CIAMPINO, IT","41.7831","12.5831","105.0","2010-08",,,,"0","10",,,"31.1",
"IT000016239","ROMA CIAMPINO, IT","41.7831","12.5831","105.0","2010-10",,,,"0","0",,,"21.9",
"IT000016239","ROMA CIAMPINO, IT","41.7831","12.5831","105.0","2010-12","11","6",,,,"105.4",,,
"IT000016239","ROMA CIAMPINO, IT","41.7831","12.5831","105.0","2011-01","12","4",,"0","0","47.5",,"12.2",
"IT000016239","ROMA CIAMPINO, IT","41.7831","12.5831","105.0","2011-02","4","4",,"0","0","34.0",,"14.4",
"IT000016239","ROMA CIAMPINO, IT","41.7831","12.5831","105.0","2011-03","14","10",,"0","0","151.4",,"15.3",
"IT000016239","ROMA CIAMPINO, IT","41.7831","12.5831","105.0","2011-04","8","5",,"0","0","37.4",,"20.2",
"IT000016239","ROMA CIAMPINO, IT","41.7831","12.5831","105.0","2011-05","8","4",,"0","0","38.5",,"24.5",
"IT000016239","ROMA CIAMPINO, IT","41.7831","12.5831","105.0","2011-06","4","1",,"0","1","8.4",,"28.4",
"IT000016239","ROMA CIAMPINO, IT","41.7831","12.5831","105.0","2011-07","5","4",,"0","7","44.4",,"29.6",
"IT000016239","ROMA CIAMPINO, IT","41.7831","12.5831","105.0","2011-08","0","0",,"0","14","0.0",,"33.0",
"IT000016239","ROMA CIAMPINO, IT","41.7831","12.5831","105.0","2011-09","4","2",,"0","9","31.5",,"30.3",
"IT000016239","ROMA CIAMPINO, IT","41.7831","12.5831","105.0","2011-10","4","2",,,,"75.0",,,
"IT000016239","ROMA CIAMPINO, IT","41.7831","12.5831","105.0","2011-11","6","3",,"0","0","54.1",,"17.6",
"IT000016239","ROMA CIAMPINO, IT","41.7831","12.5831","105.0","2011-12","15","6",,,,"98.5",,,
"IT000016239","ROMA CIAMPINO, IT","41.7831","12.5831","105.0","2012-01","3","2",,,,"32.8",,,
"IT000016239","ROMA CIAMPINO, IT","41.7831","12.5831","105.0","2012-02","13","7",,,,"124.5",,,
"IT000016239","ROMA CIAMPINO, IT","41.7831","12.5831","105.0","2012-03","2","1",,"0","0","5.6",,"19.5",
"IT000016239","ROMA CIAMPINO, IT","41.7831","12.5831","105.0","2012-04","13","8",,"0","0","81.6",,"19.1",
"IT000016239","ROMA CIAMPINO, IT","41.7831","12.5831","105.0","2012-05","8","4",,,,"61.9",,,
"IT000016239","ROMA CIAMPINO, IT","41.7831","12.5831","105.0","2012-06","1","0",,"0","11","1.0",,"29.9",
"IT000016239","ROMA CIAMPINO, IT","41.7831","12.5831","105.0","2012-07","2","1",,"0","19","7.1",,"32.9",
"IT000016239","ROMA CIAMPINO, IT","41.7831","12.5831","105.0","2012-08","2","0",,"0","25","2.0",,"34.4",
"IT000016239","ROMA CIAMPINO, IT","41.7831","12.5831","105.0","2012-09","10","9",,"0","1","100.4",,"26.7",
"IT000016239","ROMA CIAMPINO, IT","41.7831","12.5831","105.0","2012-10","9","8",,"0","0","81.6",,"23.8",
"IT000016239","ROMA CIAMPINO, IT","41.7831","12.5831","105.0","2012-11","12","7",,,,"107.1",,,
"IT000016239","ROMA CIAMPINO, IT","41.7831","12.5831","105.0","2012-12","14","10",,,,"89.9",,,
"IT000016239","ROMA CIAMPINO, IT","41.7831","12.5831","105.0","2013-01","18","9",,"0","0","109.9",,"12.4",
"IT000016239","ROMA CIAMPINO, IT","41.7831","12.5831","105.0","2013-02","12","9",,"0","0","133.6",,"11.4",
"IT000016239","ROMA CIAMPINO, IT","41.7831","12.5831","105.0","2013-03","17","12",,"0","0","117.4",,"14.8",
"IT000016239","ROMA CIAMPINO, IT","41.7831","12.5831","105.0","2013-04","8","4",,"0","0","41.6",,"20.9",
"IT000016239","ROMA CIAMPINO, IT","41.7831","12.5831","105.0","2013-05","15","7",,"0","0","154.8",,"21.4",
"IT000016239","ROMA CIAMPINO, IT","41.7831","12.5831","105.0","2013-06","7","1",,"0","4","16.3",,"27.1",
"IT000016239","ROMA CIAMPINO, IT","41.7831","12.5831","105.0","2013-07","8","3",,"0","13","36.4",,"31.9",
"IT000016239","ROMA CIAMPINO, IT","41.7831","12.5831","105.0","2013-08","5","3",,,,"75.7",,,
"IT000016239","ROMA CIAMPINO, IT","41.7831","12.5831","105.0","2013-09","6","4",,"0","1","32.5",,"26.9",
"IT000016239","ROMA CIAMPINO, IT","41.7831","12.5831","105.0","2013-10","10","5",,"0","0","41.6",,"24.4",
"IT000016239","ROMA CIAMPINO, IT","41.7831","12.5831","105.0","2013-11","17","10",,"0","0","189.9",,"16.9",
"IT000016239","ROMA CIAMPINO, IT","41.7831","12.5831","105.0","2013-12","8","3",,,,"38.7",,,
"IT000016239","ROMA CIAMPINO, IT","41.7831","12.5831","105.0","2014-01","18","12",,,,"135.0",,,
"IT000016239","ROMA CIAMPINO, IT","41.7831","12.5831","105.0","2014-02","17","12",,"0","0","140.7",,"15.4",
"IT000016239","ROMA CIAMPINO, IT","41.7831","12.5831","105.0","2014-03","10","5",,"0","0","55.2",,"16.3",
"IT000016239","ROMA CIAMPINO, IT","41.7831","12.5831","105.0","2014-04","10","6",,,,"61.9",,,
"IT000016239","ROMA CIAMPINO, IT","41.7831","12.5831","105.0","2014-05","10","3",,"0","0","67.2",,"21.9",
"IT000016239","ROMA CIAMPINO, IT","41.7831","12.5831","105.0","2014-06","12","8",,"0","4","215.7",,"27.9",
"IT000016239","ROMA CIAMPINO, IT","41.7831","12.5831","105.0","2014-08","1","0",,,,"2.0",,,
"IT000016239","ROMA CIAMPINO, IT","41.7831","12.5831","105.0","2014-09","7","3",,"0","0","44.1",,"26.8",
"IT000016239","ROMA CIAMPINO, IT","41.7831","12.5831","105.0","2014-10","3","3",,"0","0","76.8",,"23.6",
"IT000016239","ROMA CIAMPINO, IT","41.7831","12.5831","105.0","2014-11","12","8",,"0","0","222.4",,"19.7",
"IT000016239","ROMA CIAMPINO, IT","41.7831","12.5831","105.0","2014-12","13","8",,,,"117.8",,,
"IT000016239","ROMA CIAMPINO, IT","41.7831","12.5831","105.0","2015-01","11","6",,,,"65.3",,,
"IT000016239","ROMA CIAMPINO, IT","41.7831","12.5831","105.0","2015-02","14","6",,,,"61.8",,,
"IT000016239","ROMA CIAMPINO, IT","41.7831","12.5831","105.0","2015-03","10","5",,"0","0","108.9",,"15.7",
"IT000016239","ROMA CIAMPINO, IT","41.7831","12.5831","105.0","2015-04","6","4",,,,"70.3",,,
"IT000016239","ROMA CIAMPINO, IT","41.7831","12.5831","105.0","2015-05","5","1",,,,"10.2",,,
"IT000016239","ROMA CIAMPINO, IT","41.7831","12.5831","105.0","2015-06","9","3",,,,"25.1",,,
"IT000016239","ROMA CIAMPINO, IT","41.7831","12.5831","105.0","2017-02",,,,"0","0",,,"15.4",
"IT000016239","ROMA CIAMPINO, IT","41.7831","12.5831","105.0","2017-05",,,,"0","0",,,"25.2",
"IT000016239","ROMA CIAMPINO, IT","41.7831","12.5831","105.0","2017-06",,,,"0","6",,,"30.4",
"IT000016239","ROMA CIAMPINO, IT","41.7831","12.5831","105.0","2017-08",,,"0",,,,,,"21.2"
"IT000016239","ROMA CIAMPINO, IT","41.7831","12.5831","105.0","2018-06",,,,"0","0",,,"28.1",
"IT000016239","ROMA CIAMPINO, IT","41.7831","12.5831","105.0","2018-07",,,,"0","12",,,"32.1",
"IT000016239","ROMA CIAMPINO, IT","41.7831","12.5831","105.0","2018-08",,,,"0","9",,,"30.8",
"IT000016239","ROMA CIAMPINO, IT","41.7831","12.5831","105.0","2019-03",,,,"0","0",,,"17.6",
"IT000016239","ROMA CIAMPINO, IT","41.7831","12.5831","105.0","2019-06",,,,"0","9",,,"31.4",
"IT000016239","ROMA CIAMPINO, IT","41.7831","12.5831","105.0","2019-07",,,,"0","14",,,"32.0",
"IT000016239","ROMA CIAMPINO, IT","41.7831","12.5831","105.0","2019-08",,,,"0","14",,,"32.8",
"IT000016239","ROMA CIAMPINO, IT","41.7831","12.5831","105.0","2019-09",,,,"0","0",,,"27.6",
"IT000016239","ROMA CIAMPINO, IT","41.7831","12.5831","105.0","2019-10",,,,"0","0",,,"23.7",
"IT000016239","ROMA CIAMPINO, IT","41.7831","12.5831","105.0","2020-03","9","7",,,,"53.7",,,
"IT000016239","ROMA CIAMPINO, IT","41.7831","12.5831","105.0","2020-04","7","4",,"0","0","33.7",,"20.0",
"IT000016239","ROMA CIAMPINO, IT","41.7831","12.5831","105.0","2020-05","4","1",,,,"15.3",,,
"IT000016239","ROMA CIAMPINO, IT","41.7831","12.5831","105.0","2020-06","6","2",,"0","3","36.4",,"27.6",
"IT000016239","ROMA CIAMPINO, IT","41.7831","12.5831","105.0","2020-07","1","1",,"0","13","20.1",,"32.4",
"IT000016239","ROMA CIAMPINO, IT","41.7831","12.5831","105.0","2020-08","3","2",,"0","20","25.4",,"33.2",
"IT000016239","ROMA CIAMPINO, IT","41.7831","12.5831","105.0","2020-09","11","6",,,,"96.9",,,
"IT000016239","ROMA CIAMPINO, IT","41.7831","12.5831","105.0","2020-10","14","10",,,,"89.9",,,
"IT000016239","ROMA CIAMPINO, IT","41.7831","12.5831","105.0","2020-11","6","0",,,,"4.9",,,
"IT000016239","ROMA CIAMPINO, IT","41.7831","12.5831","105.0","2020-12","17","9",,,,"196.0",,,
"IT000016239","ROMA CIAMPINO, IT","41.7831","12.5831","105.0","2021-01","17","12",,,,"186.0",,,
"IT000016239","ROMA CIAMPINO, IT","41.7831","12.5831","105.0","2021-03","6","3",,,,"80.8",,,
"IT000016239","ROMA CIAMPINO, IT","41.7831","12.5831","105.0","2021-04","14","7",,"0","0","91.8",,"17.6",
"IT000016239","ROMA CIAMPINO, IT","41.7831","12.5831","105.0","2021-05","13","4",,"0","0","25.0",,"22.3",
"IT000016239","ROMA CIAMPINO, IT","41.7831","12.5831","105.0","2021-06","7","6",,"0","6","37.1",,"29.4",
"IT000016239","ROMA CIAMPINO, IT","41.7831","12.5831","105.0","2021-07","1","0",,"0","14","1.0",,"32.2",
"IT000016239","ROMA CIAMPINO, IT","41.7831","12.5831","105.0","2021-08","4","0",,"0","14","3.1",,"32.5",
"IT000016239","ROMA CIAMPINO, IT","41.7831","12.5831","105.0","2021-09","4","1","0",,,"8.9",,,"17.9"
"IT000016239","ROMA CIAMPINO, IT","41.7831","12.5831","105.0","2021-10","7","4",,,,"19.2",,,
"IT000016239","ROMA CIAMPINO, IT","41.7831","12.5831","105.0","2021-11","23","18",,,,"225.2",,,
"IT000016239","ROMA CIAMPINO, IT","41.7831","12.5831","105.0","2021-12","16","8",,,,"84.8",,,
"IT000016239","ROMA CIAMPINO, IT","41.7831","12.5831","105.0","2022-01","8","3",,,,"20.9",,,
"IT000016239","ROMA CIAMPINO, IT","41.7831","12.5831","105.0","2022-02","5","2",,,,"13.2",,,
"IT000016239","ROMA CIAMPINO, IT","41.7831","12.5831","105.0","2022-03","3","1",,,,"7.4",,,
"IT000016239","ROMA CIAMPINO, IT","41.7831","12.5831","105.0","2022-04","8","2",,,,"33.1",,,
"IT000016239","ROMA CIAMPINO, IT","41.7831","12.5831","105.0","2022-05","9","1",,"0","2","16.7",,"26.5",
"IT000016239","ROMA CIAMPINO, IT","41.7831","12.5831","105.0","2022-06","2","1",,,,"5.0",,,
"IT000016239","ROMA CIAMPINO, IT","41.7831","12.5831","105.0","2022-07","1","1",,"0","25","14.0",,"34.0",
"IT000016239","ROMA CIAMPINO, IT","41.7831","12.5831","105.0","2022-08","7","3",,"0","15","22.9",,"32.7",
"IT000016239","ROMA CIAMPINO, IT","41.7831","12.5831","105.0","2022-09","10","4",,"0","3","48.3",,"27.7",
